symbol,date,open,high,low,close,volume,adj_close
AAIT,2/10/2012,"	26.960",26.96,26.96,26.96,0,25.428
AAIT,2/11/2012,"	26.960",26.96,26.96,26.96,0,25.428
AAIT,2/12/2012,"	26.960",26.96,26.96,26.96,0,25.428
AAIT,2/13/2012,"	26.960",26.96,26.96,26.96,0,25.428
AAIT,2/14/2012,"	26.960",26.96,26.96,26.96,0,25.428
AAIT,2/15/2012,"	26.960",26.96,26.96,26.96,0,25.428
AAIT,2/16/2012,"	26.960",26.96,26.96,26.96,0,25.428
AAIT,2/17/2012,"	26.960",26.96,26.96,26.96,0,25.428
AAIT,2/18/2012,"	22.660",22.66,22.66,22.66,20,21.373
AAIT,2/19/2012,"	22.660",22.66,22.66,22.66,20,21.373
AAIT,2/20/2012,"	28.320",28.746,28.096,28.51,220,26.89
AAIT,2/21/2012,"	26.960",26.96,26.96,26.96,0,25.428
AAIT,2/22/2012,"	26.960",26.96,26.96,26.96,0,25.428
AAIT,2/23/2012,"	29.690",29.69,29.69,29.69,100,28.003
AAIT,2/24/2012,"	29.690",29.69,29.69,29.69,0,28.003
AAIT,2/25/2012,"	28.320",28.746,28.096,28.51,220,26.89
AAIT,2/26/2012,"	28.320",28.746,28.096,28.51,220,26.89
AAIT,2/27/2012,"	28.230",30.36,28.23,30.11,400,28.399
AAIT,2/28/2012,"	29.040",29.04,27.92,28.11,700,26.513
AAIT,2/29/2012,"	28.110",28.11,28.11,28.11,0,26.513
AAIT,3/1/2012,"	28.110",28.11,28.11,28.11,0,26.513
AAIT,3/2/2012,"	28.110",28.11,28.11,28.11,0,26.513
AAIT,3/3/2012,"	27.358",27.358,27.358,27.358,40,25.804
AAIT,3/4/2012,"	27.358",27.358,27.358,27.358,40,25.804
AAIT,3/5/2012,"	28.110",28.11,28.11,28.11,0,26.513
AAIT,3/6/2012,"	27.170",27.17,27.17,27.17,200,25.626
AAIT,3/7/2012,"	27.170",27.17,27.17,27.17,0,25.626
AAIT,3/8/2012,"	27.170",27.17,27.17,27.17,0,25.626
AAIT,3/9/2012,"	27.170",27.17,27.17,27.17,0,25.626
AAIT,3/10/2012,"	27.170",27.17,27.17,27.17,0,25.626
AAIT,3/11/2012,"	27.170",27.17,27.17,27.17,0,25.626
AAIT,3/12/2012,"	27.170",27.17,27.17,27.17,0,25.626
AAIT,3/13/2012,"	27.170",27.17,27.17,27.17,0,25.626
AAIT,3/14/2012,"	27.170",27.17,27.17,27.17,0,25.626
AAIT,3/15/2012,"	27.170",27.17,27.17,27.17,0,25.626
AAIT,3/16/2012,"	27.170",27.17,27.17,27.17,0,25.626
AAIT,3/17/2012,"	27.170",27.17,27.17,27.17,0,25.626
AAIT,3/18/2012,"	27.170",27.17,27.17,27.17,0,25.626
AAIT,3/19/2012,"	27.170",27.17,27.17,27.17,0,25.626
AAIT,3/20/2012,"	27.170",27.17,27.17,27.17,0,25.626
AAIT,3/21/2012,"	27.170",27.17,27.17,27.17,0,25.626
AAIT,3/22/2012,"	27.170",27.17,27.17,27.17,0,25.626
AAIT,3/23/2012,"	27.170",27.17,27.17,27.17,0,25.626
AAIT,3/24/2012,"	27.170",27.17,27.17,27.17,0,25.626
AAIT,3/25/2012,"	27.170",27.17,27.17,27.17,0,25.626
AAIT,3/26/2012,"	27.170",27.17,27.17,27.17,0,25.626
AAIT,3/27/2012,"	27.170",27.17,27.17,27.17,0,25.626
AAIT,3/28/2012,"	27.170",27.17,27.17,27.17,0,25.626
AAIT,3/29/2012,"	27.170",27.17,27.17,27.17,0,25.626
AAIT,3/30/2012,"	27.170",27.17,27.17,27.17,0,25.626
AAIT,3/31/2012,"	21.736",21.736,21.736,21.736,0,20.501
AAIT,4/1/2012,"	21.736",21.736,21.736,21.736,0,20.501
AAIT,4/2/2012,"	27.170",27.17,27.17,27.17,0,25.626
AAIT,4/3/2012,"	27.170",27.17,27.17,27.17,0,25.626
AAIT,4/4/2012,"	27.170",27.17,27.17,27.17,0,25.626
AAIT,4/5/2012,"	27.170",27.17,27.17,27.17,0,25.626
AAIT,4/6/2012,"	28.112",28.112,28.112,28.112,60,26.515
AAIT,4/7/2012,"	28.112",28.112,28.112,28.112,60,26.515
AAIT,4/8/2012,"	28.112",28.112,28.112,28.112,60,26.515
AAIT,4/9/2012,"	28.480",28.48,28.48,28.48,100,26.862
AAIT,4/10/2012,"	28.020",28.02,28.02,28.02,200,26.428
AAIT,4/11/2012,"	28.020",28.02,28.02,28.02,0,26.428
AAIT,4/12/2012,"	28.020",28.02,28.02,28.02,0,26.428
AAIT,4/13/2012,"	28.020",28.02,28.02,28.02,0,26.428
AAIT,4/14/2012,"	28.020",28.02,28.02,28.02,0,26.428
AAIT,4/15/2012,"	28.020",28.02,28.02,28.02,0,26.428
AAIT,4/16/2012,"	28.020",28.02,28.02,28.02,0,26.428
AAIT,4/17/2012,"	28.020",28.02,28.02,28.02,0,26.428
AAIT,4/18/2012,"	28.020",28.02,28.02,28.02,0,26.428
AAIT,4/19/2012,"	28.020",28.02,28.02,28.02,0,26.428
AAIT,4/20/2012,"	28.020",28.02,28.02,28.02,0,26.428
AAIT,4/21/2012,"	28.020",28.02,28.02,28.02,0,26.428
AAIT,4/22/2012,"	28.020",28.02,28.02,28.02,0,26.428
AAIT,4/23/2012,"	28.020",28.02,28.02,28.02,0,26.428
AAIT,4/24/2012,"	28.020",28.02,28.02,28.02,0,26.428
AAIT,4/25/2012,"	28.020",28.02,28.02,28.02,0,26.428
AAIT,4/26/2012,"	28.020",28.02,28.02,28.02,0,26.428
AAIT,4/27/2012,"	28.020",28.02,28.02,28.02,0,26.428
AAIT,4/28/2012,"	28.570",28.57,28.456,28.456,360,26.839
AAIT,4/29/2012,"	28.570",28.57,28.456,28.456,360,26.839
AAIT,4/30/2012,"	28.800",28.8,28.8,28.8,600,27.164
AAIT,5/1/2012,"	28.800",28.8,28.8,28.8,0,27.164
AAIT,5/2/2012,"	28.850",28.85,28.28,28.28,800,26.673
AAIT,5/3/2012,"	28.200",28.2,28.2,28.2,400,26.598
AAIT,5/4/2012,"	28.200",28.2,28.2,28.2,0,26.598
AAIT,5/5/2012,"	27.356",27.356,27.356,27.356,60,25.802
AAIT,5/6/2012,"	27.356",27.356,27.356,27.356,60,25.802
AAIT,5/7/2012,"	27.740",27.74,27.74,27.74,200,26.164
AAIT,5/8/2012,"	27.260",27.26,27.26,27.26,100,25.711
AAIT,5/9/2012,"	27.260",27.26,27.26,27.26,0,25.711
AAIT,5/10/2012,"	27.260",27.26,27.26,27.26,0,25.711
AAIT,5/11/2012,"	27.260",27.26,27.26,27.26,0,25.711
AAIT,5/12/2012,"	26.062",26.102,26.062,26.102,220,24.619
AAIT,5/13/2012,"	26.062",26.102,26.062,26.102,220,24.619
AAIT,5/14/2012,"	27.260",27.26,27.26,27.26,0,25.711
AAIT,5/15/2012,"	26.570",26.57,26.57,26.57,300,25.06
AAIT,5/16/2012,"	25.360",25.56,25.36,25.56,800,24.108
AAIT,5/17/2012,"	25.560",25.56,25.56,25.56,0,24.108
AAIT,5/18/2012,"	25.560",25.56,25.56,25.56,0,24.108
AAIT,5/19/2012,"	25.560",25.56,25.56,25.56,0,24.108
AAIT,5/20/2012,"	25.560",25.56,25.56,25.56,0,24.108
AAIT,5/21/2012,"	25.560",25.56,25.56,25.56,0,24.108
AAIT,5/22/2012,"	25.560",25.56,25.56,25.56,0,24.108
AAIT,5/23/2012,"	25.560",25.56,25.56,25.56,0,24.108
AAIT,5/24/2012,"	25.560",25.56,25.56,25.56,0,24.108
AAIT,5/25/2012,"	25.560",25.56,25.56,25.56,0,24.108
AAIT,5/26/2012,"	20.232",20.232,20.232,20.232,60,19.082
AAIT,5/27/2012,"	20.232",20.232,20.232,20.232,60,19.082
AAIT,5/28/2012,"	24.726",24.896,24.726,24.896,240,23.481
AAIT,5/29/2012,"	25.560",25.56,25.56,25.56,0,24.108
AAIT,5/30/2012,"	25.560",25.56,25.56,25.56,0,24.108
AAIT,5/31/2012,"	25.560",25.56,25.56,25.56,0,24.108
AAIT,6/1/2012,"	24.480",24.48,24.48,24.48,300,23.089
AAIT,6/2/2012,"	24.726",24.896,24.726,24.896,240,23.481
AAIT,6/3/2012,"	24.726",24.896,24.726,24.896,240,23.481
AAIT,6/4/2012,"	24.480",24.48,24.48,24.48,0,23.089
AAIT,6/5/2012,"	24.480",24.48,24.48,24.48,0,23.089
AAIT,6/6/2012,"	24.240",25.01,24.24,25.01,300,23.589
AAIT,6/7/2012,"	25.430",25.51,25.43,25.51,700,24.061
AAIT,6/8/2012,"	25.000",25,25,25,200,23.58
AAIT,6/9/2012,"	26.120",26.12,26.12,26.12,20,24.636
AAIT,6/10/2012,"	26.120",26.12,26.12,26.12,20,24.636
AAIT,6/11/2012,"	26.120",26.12,26.12,26.12,100,24.636
AAIT,6/12/2012,"	26.120",26.12,26.12,26.12,0,24.636
AAIT,6/13/2012,"	26.120",26.12,26.12,26.12,0,24.636
AAIT,6/14/2012,"	26.120",26.12,26.12,26.12,0,24.636
AAIT,6/15/2012,"	26.120",26.12,26.12,26.12,0,24.636
AAIT,6/16/2012,"	26.120",26.12,26.12,26.12,0,24.645
AAIT,6/17/2012,"	26.120",26.12,26.12,26.12,0,24.645
AAIT,6/18/2012,"	26.120",26.12,26.12,26.12,0,24.636
AAIT,6/19/2012,"	26.120",26.12,26.12,26.12,0,24.636
AAIT,6/20/2012,"	26.120",26.12,26.12,26.12,0,24.636
AAIT,6/21/2012,"	26.120",26.12,26.12,26.12,0,24.658
AAIT,6/22/2012,"	26.120",26.12,26.12,26.12,0,24.658
AAIT,6/23/2012,"	26.120",26.12,26.12,26.12,0,24.658
AAIT,6/24/2012,"	26.120",26.12,26.12,26.12,0,24.658
AAIT,6/25/2012,"	26.120",26.12,26.12,26.12,0,24.658
AAIT,6/26/2012,"	26.120",26.12,26.12,26.12,0,24.658
AAIT,6/27/2012,"	26.120",26.12,26.12,26.12,0,24.658
AAIT,6/28/2012,"	26.120",26.12,26.12,26.12,0,24.658
AAIT,6/29/2012,"	26.120",26.12,26.12,26.12,0,24.658
AAIT,6/30/2012,"	20.754",20.754,20.728,20.728,60,19.568
AAIT,7/1/2012,"	20.754",20.754,20.728,20.728,60,19.568
AAIT,7/2/2012,"	26.040",26.04,25.91,25.91,300,24.459
AAIT,7/3/2012,"	25.910",25.91,25.91,25.91,0,24.459
AAIT,7/4/2012,"	26.300",26.3,26.3,26.3,40,24.828
AAIT,7/5/2012,"	25.910",25.91,25.91,25.91,0,24.459
AAIT,7/6/2012,"	25.910",25.91,25.91,25.91,0,24.459
AAIT,7/7/2012,"	26.300",26.3,26.3,26.3,40,24.828
AAIT,7/8/2012,"	26.300",26.3,26.3,26.3,40,24.828
AAIT,7/9/2012,"	26.300",26.3,26.3,26.3,200,24.828
AAIT,7/10/2012,"	26.300",26.3,26.3,26.3,0,24.828
AAIT,7/11/2012,"	26.300",26.3,26.3,26.3,0,24.828
AAIT,7/12/2012,"	26.300",26.3,26.3,26.3,0,24.828
AAIT,7/13/2012,"	26.300",26.3,26.3,26.3,0,24.828
AAIT,7/14/2012,"	25.708",25.708,25.708,25.708,40,24.269
AAIT,7/15/2012,"	25.708",25.708,25.708,25.708,40,24.269
AAIT,7/16/2012,"	26.300",26.3,26.3,26.3,0,24.828
AAIT,7/17/2012,"	26.300",26.3,26.3,26.3,0,24.828
AAIT,7/18/2012,"	26.300",26.3,26.3,26.3,0,24.828
AAIT,7/19/2012,"	24.820",24.82,24.82,24.82,200,23.43
AAIT,7/20/2012,"	24.820",24.82,24.82,24.82,0,23.43
AAIT,7/21/2012,"	24.758",24.758,24.758,24.758,40,23.372
AAIT,7/22/2012,"	24.758",24.758,24.758,24.758,40,23.372
AAIT,7/23/2012,"	24.820",24.82,24.82,24.82,0,23.43
AAIT,7/24/2012,"	24.820",24.82,24.82,24.82,0,23.43
AAIT,7/25/2012,"	24.820",24.82,24.82,24.82,0,23.43
AAIT,7/26/2012,"	24.820",24.82,24.82,24.82,0,23.43
AAIT,7/27/2012,"	24.510",24.51,24.51,24.51,200,23.138
AAIT,7/28/2012,"	25.008",25.164,25.008,25.164,600,23.755
AAIT,7/29/2012,"	25.008",25.164,25.008,25.164,600,23.755
AAIT,7/30/2012,"	24.510",24.51,24.51,24.51,0,23.138
AAIT,7/31/2012,"	24.510",24.51,24.51,24.51,0,23.138
AAIT,8/1/2012,"	25.400",25.4,25.4,25.4,1500,23.978
AAIT,8/2/2012,"	25.400",25.4,25.4,25.4,0,23.978
AAIT,8/3/2012,"	25.220",26,25.22,26,1500,24.544
AAIT,8/4/2012,"	26.000",26,26,26,0,24.544
AAIT,8/5/2012,"	26.000",26,26,26,0,24.544
AAIT,8/6/2012,"	26.000",26,26,26,0,24.544
AAIT,8/7/2012,"	26.000",26,26,26,0,24.544
AAIT,8/8/2012,"	26.000",26,26,26,0,24.544
AAIT,8/9/2012,"	26.000",26,26,26,0,24.544
AAIT,8/10/2012,"	26.000",26,26,26,0,24.544
AAIT,8/11/2012,"	26.062",26.062,26.062,26.062,140,24.603
AAIT,8/12/2012,"	26.062",26.062,26.062,26.062,140,24.603
AAIT,8/13/2012,"	26.000",26,26,26,0,24.544
AAIT,8/14/2012,"	26.190",26.19,26.19,26.19,500,24.724
AAIT,8/15/2012,"	26.040",26.04,26.04,26.04,200,24.582
AAIT,8/16/2012,"	26.040",26.04,26.04,26.04,0,24.582
AAIT,8/17/2012,"	26.040",26.04,26.04,26.04,0,24.582
AAIT,8/18/2012,"	26.510",26.518,26.51,26.518,220,25.033
AAIT,8/19/2012,"	26.510",26.518,26.51,26.518,220,25.033
AAIT,8/20/2012,"	26.350",26.39,26.35,26.39,900,24.913
AAIT,8/21/2012,"	26.550",26.55,26.55,26.55,200,25.064
AAIT,8/22/2012,"	26.550",26.55,26.55,26.55,0,25.064
AAIT,8/23/2012,"	26.550",26.55,26.55,26.55,0,25.064
AAIT,8/24/2012,"	26.550",26.55,26.55,26.55,0,25.064
AAIT,8/25/2012,"	26.316",26.316,26.198,26.198,100,24.731
AAIT,8/26/2012,"	26.316",26.316,26.198,26.198,100,24.731
AAIT,8/27/2012,"	26.550",26.55,26.55,26.55,0,25.064
AAIT,8/28/2012,"	26.550",26.55,26.55,26.55,0,25.064
AAIT,8/29/2012,"	26.550",26.55,26.55,26.55,0,25.064
AAIT,8/30/2012,"	26.260",26.26,25.67,25.67,500,24.233
AAIT,8/31/2012,"	25.670",25.67,25.67,25.67,0,24.233
AAIT,9/1/2012,"	20.292",20.302,20.292,20.302,100,19.165
AAIT,9/2/2012,"	20.292",20.302,20.292,20.302,100,19.165
AAIT,9/3/2012,"	25.280",25.28,25.28,25.28,0,23.865
AAIT,9/4/2012,"	25.670",25.67,25.67,25.67,0,24.233
AAIT,9/5/2012,"	25.230",25.28,25.23,25.28,500,23.865
AAIT,9/6/2012,"	25.280",25.28,25.28,25.28,0,23.865
AAIT,9/7/2012,"	25.280",25.28,25.28,25.28,0,23.865
AAIT,9/8/2012,"	25.280",25.28,25.28,25.28,0,23.865
AAIT,9/9/2012,"	25.280",25.28,25.28,25.28,0,23.865
AAIT,9/10/2012,"	25.280",25.28,25.28,25.28,0,23.865
AAIT,9/11/2012,"	25.280",25.28,25.28,25.28,0,23.865
AAIT,9/12/2012,"	25.280",25.28,25.28,25.28,0,23.865
AAIT,9/13/2012,"	25.280",25.28,25.28,25.28,0,23.865
AAIT,9/14/2012,"	25.280",25.28,25.28,25.28,0,23.865
AAIT,9/15/2012,"	26.610",26.61,26.606,26.606,280,25.116
AAIT,9/16/2012,"	26.610",26.61,26.606,26.606,280,25.116
AAIT,9/17/2012,"	25.280",25.28,25.28,25.28,0,23.865
AAIT,9/18/2012,"	25.280",25.28,25.28,25.28,0,23.865
AAIT,9/19/2012,"	27.510",27.51,27.49,27.49,1400,25.951
AAIT,9/20/2012,"	27.490",27.49,27.49,27.49,0,25.951
AAIT,9/21/2012,"	27.490",27.49,27.49,27.49,0,25.951
AAIT,9/22/2012,"	27.290",27.306,27.29,27.29,80,25.762
AAIT,9/23/2012,"	27.290",27.306,27.29,27.29,80,25.762
AAIT,9/24/2012,"	27.490",27.49,27.49,27.49,0,25.951
AAIT,9/25/2012,"	27.240",27.32,27.24,27.24,400,25.715
AAIT,9/26/2012,"	27.240",27.24,27.24,27.24,0,25.715
AAIT,9/27/2012,"	27.240",27.24,27.24,27.24,0,25.715
AAIT,9/28/2012,"	27.240",27.24,27.24,27.24,0,25.715
AAIT,9/29/2012,"	27.296",27.328,27.296,27.328,100,25.798
AAIT,9/30/2012,"	27.296",27.328,27.296,27.328,100,25.798
AAIT,10/1/2012,"	27.240",27.24,27.24,27.24,0,25.715
AAIT,10/2/2012,"	27.240",27.24,27.24,27.24,0,25.715
AAIT,10/3/2012,"	27.240",27.24,27.24,27.24,0,25.715
AAIT,10/4/2012,"	27.240",27.24,27.24,27.24,0,25.715
AAIT,10/5/2012,"	27.520",27.68,27.52,27.68,500,26.13
AAIT,10/6/2012,"	26.798",26.798,26.792,26.792,80,25.292
AAIT,10/7/2012,"	26.798",26.798,26.792,26.792,80,25.292
AAIT,10/8/2012,"	27.680",27.68,27.68,27.68,0,26.13
AAIT,10/9/2012,"	27.680",27.68,27.68,27.68,0,26.13
AAIT,10/10/2012,"	26.230",26.23,26.2,26.2,400,24.733
AAIT,10/11/2012,"	26.200",26.2,26.2,26.2,0,24.733
AAIT,10/12/2012,"	26.200",26.2,26.2,26.2,0,24.733
AAIT,10/13/2012,"	26.200",26.2,26.2,26.2,0,24.733
AAIT,10/14/2012,"	26.200",26.2,26.2,26.2,0,24.733
AAIT,10/15/2012,"	26.200",26.2,26.2,26.2,0,24.733
AAIT,10/16/2012,"	26.200",26.2,26.2,26.2,0,24.733
AAIT,10/17/2012,"	26.200",26.2,26.2,26.2,0,24.733
AAIT,10/18/2012,"	26.200",26.2,26.2,26.2,0,24.733
AAIT,10/19/2012,"	26.200",26.2,26.2,26.2,0,24.733
AAIT,10/20/2012,"	26.220",26.22,26.22,26.22,40,24.752
AAIT,10/21/2012,"	26.220",26.22,26.22,26.22,40,24.752
AAIT,10/22/2012,"	26.200",26.2,26.2,26.2,0,24.733
AAIT,10/23/2012,"	26.200",26.2,26.2,26.2,0,24.733
AAIT,10/24/2012,"	26.200",26.2,26.2,26.2,0,24.733
AAIT,10/25/2012,"	26.200",26.2,26.2,26.2,0,24.733
AAIT,10/26/2012,"	26.300",26.3,26.3,26.3,200,24.828
AAIT,10/27/2012,"	16.058",17.62,16.058,16.074,920,15.174
AAIT,10/28/2012,"	16.058",17.62,16.058,16.074,920,15.174
AAIT,10/29/2012,"	26.784",26.804,26.752,26.76,320,25.262
AAIT,10/30/2012,"	26.784",26.804,26.752,26.76,320,25.262
AAIT,10/31/2012,"	26.720",34.44,26.72,26.76,3800,25.262
AAIT,11/1/2012,"	26.900",26.99,26.9,26.94,600,25.432
AAIT,11/2/2012,"	26.670",26.67,26.67,26.67,200,25.177
AAIT,11/3/2012,"	26.784",26.804,26.752,26.76,320,25.262
AAIT,11/4/2012,"	26.784",26.804,26.752,26.76,320,25.262
AAIT,11/5/2012,"	26.820",26.82,26.82,26.82,200,25.318
AAIT,11/6/2012,"	26.820",26.82,26.82,26.82,0,25.318
AAIT,11/7/2012,"	26.820",26.82,26.82,26.82,0,25.318
AAIT,11/8/2012,"	26.750",26.75,26.59,26.59,700,25.101
AAIT,11/9/2012,"	26.710",26.81,26.71,26.75,700,25.252
AAIT,11/10/2012,"	26.538",26.542,26.524,26.528,360,25.043
AAIT,11/11/2012,"	26.538",26.542,26.524,26.528,360,25.043
AAIT,11/12/2012,"	26.750",26.75,26.75,26.75,0,25.252
AAIT,11/13/2012,"	26.550",26.55,26.55,26.55,400,25.064
AAIT,11/14/2012,"	26.360",26.38,26.36,26.38,400,24.903
AAIT,11/15/2012,"	26.550",26.55,26.48,26.48,1000,24.997
AAIT,11/16/2012,"	26.480",26.48,26.48,26.48,0,24.997
AAIT,11/17/2012,"	21.934",22.052,21.822,21.852,1260,20.629
AAIT,11/18/2012,"	21.934",22.052,21.822,21.852,1260,20.629
AAIT,11/19/2012,"	26.970",26.97,26.97,26.97,300,25.46
AAIT,11/20/2012,"	27.510",27.51,26.95,26.95,500,25.441
AAIT,11/21/2012,"	27.240",27.24,27.24,27.24,100,25.715
AAIT,11/22/2012,"	28.120",28.17,27.89,28.012,3500,26.444
AAIT,11/23/2012,"	27.950",28.54,27.95,28.1,5400,26.527
AAIT,11/24/2012,"	28.120",28.17,27.89,28.012,3500,26.444
AAIT,11/25/2012,"	28.120",28.17,27.89,28.012,3500,26.444
AAIT,11/26/2012,"	28.330",28.33,27.52,28.01,7800,26.442
AAIT,11/27/2012,"	28.250",28.25,27.97,27.98,1500,26.414
AAIT,11/28/2012,"	27.700",27.83,27.69,27.78,3000,26.225
AAIT,11/29/2012,"	28.150",28.15,28.15,28.15,200,26.574
AAIT,11/30/2012,"	28.170",28.29,28.12,28.14,5000,26.565
AAIT,12/1/2012,"	28.318",28.422,28.23,28.378,5640,26.789
AAIT,12/2/2012,"	28.318",28.422,28.23,28.378,5640,26.789
AAIT,12/3/2012,"	28.250",28.37,28.15,28.28,8400,26.697
AAIT,12/4/2012,"	28.210",28.43,28.21,28.39,6800,26.801
AAIT,12/5/2012,"	28.380",28.5,28.36,28.47,5700,26.876
AAIT,12/6/2012,"	28.280",28.34,28.25,28.3,3000,26.716
AAIT,12/7/2012,"	28.470",28.47,28.18,28.45,4300,26.857
AAIT,12/8/2012,"	28.804",28.962,28.514,28.618,9560,27.016
AAIT,12/9/2012,"	28.804",28.962,28.514,28.618,9560,27.016
AAIT,12/10/2012,"	28.400",28.63,28.4,28.63,3900,27.027
AAIT,12/11/2012,"	28.400",28.52,28.4,28.48,4700,26.886
AAIT,12/12/2012,"	28.630",28.86,28.57,28.65,11000,27.046
AAIT,12/13/2012,"	28.810",29.02,28.67,28.8,6200,27.188
AAIT,12/14/2012,"	29.780",29.78,28.53,28.53,22000,26.933
AAIT,12/15/2012,"	27.578",27.754,27.244,27.576,56960,26.793
AAIT,12/16/2012,"	27.578",27.754,27.244,27.576,56960,26.793
AAIT,12/17/2012,"	27.960",28.46,27.96,28.29,78000,26.706
AAIT,12/18/2012,"	27.530",27.53,26.95,27.32,54800,26.738
AAIT,12/19/2012,"	27.420",27.73,27.35,27.7,84800,27.11
AAIT,12/20/2012,"	27.920",27.92,27.13,27.59,28400,27.003
AAIT,12/21/2012,"	27.060",27.13,26.83,26.98,38800,26.406
AAIT,12/22/2012,"	22.078",22.142,21.762,21.824,4300,21.359
AAIT,12/23/2012,"	22.078",22.142,21.762,21.824,4300,21.359
AAIT,12/24/2012,"	28.090",28.09,27.15,27.19,6200,26.611
AAIT,12/25/2012,"	5.622",5.622,5.528,5.538,160,5.42
AAIT,12/26/2012,"	27.150",27.35,27.15,27.25,3600,26.67
AAIT,12/27/2012,"	27.700",27.7,27.13,27.3,4100,26.719
AAIT,12/28/2012,"	27.450",27.57,27.38,27.38,7600,26.797
AAIT,12/29/2012,"	5.622",5.622,5.528,5.538,160,5.42
AAIT,12/30/2012,"	5.622",5.622,5.528,5.538,160,5.42
AAIT,12/31/2012,"	28.110",28.11,27.64,27.69,800,27.101
AAIT,1/1/2013,"	28.206",28.22,27.804,27.882,4740,27.288
AAIT,1/2/2013,"	28.590",28.67,28.59,28.6,1000,27.991
AAIT,1/3/2013,"	28.530",28.53,28.27,28.36,7600,27.756
AAIT,1/4/2013,"	29.120",29.12,28,28.22,4600,27.619
AAIT,1/5/2013,"	28.206",28.22,27.804,27.882,4740,27.288
AAIT,1/6/2013,"	28.206",28.22,27.804,27.882,4740,27.288
AAIT,1/7/2013,"	28.460",28.46,28.2,28.2,6400,27.6
AAIT,1/8/2013,"	28.100",28.1,27.27,27.27,4500,26.69
AAIT,1/9/2013,"	27.920",27.92,27.52,27.71,4800,27.12
AAIT,1/10/2013,"	28.020",28.09,27.89,28.09,3400,27.492
AAIT,1/11/2013,"	28.530",28.53,28.14,28.14,4600,27.541
AAIT,1/12/2013,"	28.614",28.666,28.086,28.204,6520,27.604
AAIT,1/13/2013,"	28.614",28.666,28.086,28.204,6520,27.604
AAIT,1/14/2013,"	29.050",29.05,28.27,28.31,18500,27.707
AAIT,1/15/2013,"	28.570",28.57,27.94,28.25,5000,27.649
AAIT,1/16/2013,"	28.000",28.26,28,28,5900,27.404
AAIT,1/17/2013,"	28.420",28.42,28,28.21,1000,27.61
AAIT,1/18/2013,"	29.030",29.03,28.22,28.25,2200,27.649
AAIT,1/19/2013,"	22.458",22.508,22.146,22.236,4180,21.763
AAIT,1/20/2013,"	22.458",22.508,22.146,22.236,4180,21.763
AAIT,1/21/2013,"	27.664",27.82,27.412,27.59,4360,27.003
AAIT,1/22/2013,"	28.570",28.57,27.95,27.95,5800,27.355
AAIT,1/23/2013,"	27.810",27.96,27.61,27.93,7900,27.335
AAIT,1/24/2013,"	27.780",27.88,27.78,27.88,1000,27.287
AAIT,1/25/2013,"	28.130",28.13,27.39,27.42,6200,26.836
AAIT,1/26/2013,"	27.664",27.82,27.412,27.59,4360,27.003
AAIT,1/27/2013,"	27.664",27.82,27.412,27.59,4360,27.003
AAIT,1/28/2013,"	27.080",27.2,27.08,27.19,1700,26.611
AAIT,1/29/2013,"	27.350",27.73,27.35,27.51,5400,26.924
AAIT,1/30/2013,"	28.200",28.2,27.57,27.83,5100,27.238
AAIT,1/31/2013,"	28.170",28.17,27.56,27.62,7700,27.032
AAIT,2/1/2013,"	27.520",27.8,27.5,27.8,1900,27.208
AAIT,2/2/2013,"	27.276",27.476,27.216,27.356,2920,26.774
AAIT,2/3/2013,"	27.276",27.476,27.216,27.356,2920,26.774
AAIT,2/4/2013,"	27.560",27.79,27.31,27.31,9400,26.729
AAIT,2/5/2013,"	27.400",27.53,27.37,27.46,1100,26.875
AAIT,2/6/2013,"	26.820",27.46,26.82,27.43,3700,26.846
AAIT,2/7/2013,"	27.310",27.31,27.29,27.29,400,26.709
AAIT,2/8/2013,"	27.290",27.29,27.29,27.29,0,26.709
AAIT,2/9/2013,"	27.574",27.664,27.56,27.61,2360,27.022
AAIT,2/10/2013,"	27.574",27.664,27.56,27.61,2360,27.022
AAIT,2/11/2013,"	27.380",27.63,27.38,27.48,4300,26.895
AAIT,2/12/2013,"	27.540",27.55,27.49,27.49,2400,26.905
AAIT,2/13/2013,"	27.570",27.72,27.56,27.66,4200,27.071
AAIT,2/14/2013,"	27.690",27.72,27.68,27.72,700,27.13
AAIT,2/15/2013,"	27.690",27.7,27.69,27.7,200,27.11
AAIT,2/16/2013,"	22.414",22.474,22.246,22.322,2280,21.847
AAIT,2/17/2013,"	22.414",22.474,22.246,22.322,2280,21.847
AAIT,2/18/2013,"	28.312",28.474,27.974,28.138,3780,27.539
AAIT,2/19/2013,"	27.700",27.83,27.7,27.83,2100,27.238
AAIT,2/20/2013,"	28.240",28.25,28.03,28.03,1000,27.433
AAIT,2/21/2013,"	28.240",28.24,27.68,27.7,1500,27.11
AAIT,2/22/2013,"	27.890",28.05,27.82,28.05,6800,27.453
AAIT,2/23/2013,"	28.312",28.474,27.974,28.138,3780,27.539
AAIT,2/24/2013,"	28.312",28.474,27.974,28.138,3780,27.539
AAIT,2/25/2013,"	28.590",28.59,27.97,27.97,6700,27.375
AAIT,2/26/2013,"	28.000",28.04,27.73,27.86,2200,27.267
AAIT,2/27/2013,"	27.760",28.35,27.76,28.35,1900,27.747
AAIT,2/28/2013,"	28.390",28.57,28.37,28.41,2000,27.805
AAIT,3/1/2013,"	28.820",28.82,28.04,28.1,6100,27.502
AAIT,3/2/2013,"	28.456",28.458,28.264,28.314,1080,27.711
AAIT,3/3/2013,"	28.456",28.458,28.264,28.314,1080,27.711
AAIT,3/4/2013,"	28.020",28.03,27.89,28.03,2100,27.433
AAIT,3/5/2013,"	28.400",28.4,28.4,28.4,100,27.795
AAIT,3/6/2013,"	28.800",28.8,28.4,28.5,1300,27.893
AAIT,3/7/2013,"	28.740",28.74,28.31,28.32,1900,27.717
AAIT,3/8/2013,"	28.320",28.32,28.32,28.32,0,27.717
AAIT,3/9/2013,"	28.286",28.302,27.99,28.078,1920,27.48
AAIT,3/10/2013,"	28.286",28.302,27.99,28.078,1920,27.48
AAIT,3/11/2013,"	28.620",28.62,28.07,28.1,400,27.502
AAIT,3/12/2013,"	28.080",28.1,27.85,27.97,2500,27.375
AAIT,3/13/2013,"	28.130",28.18,28.13,28.15,1200,27.551
AAIT,3/14/2013,"	28.220",28.23,28.1,28.2,1600,27.6
AAIT,3/15/2013,"	28.380",28.38,27.8,27.97,3900,27.375
AAIT,3/16/2013,"	27.868",28.048,27.574,27.722,5500,27.132
AAIT,3/17/2013,"	27.868",28.048,27.574,27.722,5500,27.132
AAIT,3/18/2013,"	28.500",28.5,27.89,27.9,5100,27.306
AAIT,3/19/2013,"	27.430",28.02,27.43,27.75,4400,27.159
AAIT,3/20/2013,"	27.760",28.02,27.65,27.76,5000,27.169
AAIT,3/21/2013,"	28.130",28.13,27.4,27.65,12200,27.061
AAIT,3/22/2013,"	27.520",27.57,27.5,27.55,800,26.964
AAIT,3/23/2013,"	22.516",22.518,22.478,22.498,240,22.019
AAIT,3/24/2013,"	22.516",22.518,22.478,22.498,240,22.019
AAIT,3/25/2013,"	27.840",27.84,27.74,27.74,300,27.15
AAIT,3/26/2013,"	28.150",28.15,28.15,28.15,200,27.551
AAIT,3/27/2013,"	28.290",28.3,28.2,28.3,700,27.698
AAIT,3/28/2013,"	28.300",28.3,28.3,28.3,0,27.698
AAIT,3/29/2013,"	27.760",27.968,27.532,27.734,2280,27.144
AAIT,3/30/2013,"	27.760",27.968,27.532,27.734,2280,27.144
AAIT,3/31/2013,"	27.760",27.968,27.532,27.734,2280,27.144
AAIT,4/1/2013,"	28.430",28.43,27.78,27.78,5000,27.189
AAIT,4/2/2013,"	27.770",27.99,27.77,27.94,1200,27.345
AAIT,4/3/2013,"	27.470",27.85,27.47,27.75,400,27.159
AAIT,4/4/2013,"	27.390",27.83,27.39,27.83,500,27.238
AAIT,4/5/2013,"	27.740",27.74,27.25,27.37,4300,26.787
AAIT,4/6/2013,"	27.388",27.94,27.352,27.826,1680,27.234
AAIT,4/7/2013,"	27.388",27.94,27.352,27.826,1680,27.234
AAIT,4/8/2013,"	27.370",27.39,27.23,27.26,1200,26.68
AAIT,4/9/2013,"	26.690",27.7,26.69,27.68,1400,27.091
AAIT,4/10/2013,"	26.700",28.08,26.7,28.05,2900,27.453
AAIT,4/11/2013,"	28.110",28.46,28.07,28.07,2900,27.472
AAIT,4/12/2013,"	28.070",28.07,28.07,28.07,0,27.472
AAIT,4/13/2013,"	27.768",27.864,27.616,27.746,880,27.155
AAIT,4/14/2013,"	27.768",27.864,27.616,27.746,880,27.155
AAIT,4/15/2013,"	28.000",28,27.5,27.5,1600,26.915
AAIT,4/16/2013,"	27.830",27.88,27.71,27.85,1000,27.257
AAIT,4/17/2013,"	27.600",27.6,27.6,27.6,200,27.012
AAIT,4/18/2013,"	27.640",27.64,27.5,27.58,800,26.993
AAIT,4/19/2013,"	27.770",28.2,27.77,28.2,800,27.6
AAIT,4/20/2013,"	28.276",28.5,28.222,28.38,1940,27.776
AAIT,4/21/2013,"	28.276",28.5,28.222,28.38,1940,27.776
AAIT,4/22/2013,"	27.970",28.29,27.97,28.26,1800,27.658
AAIT,4/23/2013,"	28.100",28.35,28.1,28.35,1700,27.747
AAIT,4/24/2013,"	28.290",28.64,28.28,28.42,1800,27.815
AAIT,4/25/2013,"	28.580",28.78,28.58,28.69,3000,28.079
AAIT,4/26/2013,"	28.440",28.44,28.18,28.18,1400,27.58
AAIT,4/27/2013,"	28.656",29.038,28.644,28.87,2700,28.255
AAIT,4/28/2013,"	28.656",29.038,28.644,28.87,2700,28.255
AAIT,4/29/2013,"	28.270",28.85,28.27,28.49,9500,27.884
AAIT,4/30/2013,"	28.390",29.1,28.39,29.1,500,28.481
AAIT,5/1/2013,"	28.870",28.87,28.87,28.87,100,28.255
AAIT,5/2/2013,"	28.870",28.87,28.87,28.87,0,28.255
AAIT,5/3/2013,"	28.880",29.5,28.82,29.02,3400,28.402
AAIT,5/4/2013,"	29.386",29.496,29.22,29.392,2280,28.766
AAIT,5/5/2013,"	29.386",29.496,29.22,29.392,2280,28.766
AAIT,5/6/2013,"	29.270",29.27,29.27,29.27,100,28.647
AAIT,5/7/2013,"	28.950",29.37,28.95,29.31,2200,28.686
AAIT,5/8/2013,"	29.700",29.7,29.7,29.7,100,29.068
AAIT,5/9/2013,"	29.860",29.86,29.05,29.4,7800,28.774
AAIT,5/10/2013,"	29.150",29.28,29.13,29.28,1200,28.657
AAIT,5/11/2013,"	29.592",29.612,29.458,29.508,760,28.88
AAIT,5/12/2013,"	29.592",29.612,29.458,29.508,760,28.88
AAIT,5/13/2013,"	29.520",29.52,29.08,29.08,800,28.461
AAIT,5/14/2013,"	29.520",29.52,29.52,29.52,100,28.892
AAIT,5/15/2013,"	29.400",29.5,29.32,29.5,700,28.872
AAIT,5/16/2013,"	29.740",29.74,29.61,29.68,1500,29.048
AAIT,5/17/2013,"	29.780",29.78,29.76,29.76,700,29.127
AAIT,5/18/2013,"	29.808",29.828,29.44,29.554,3760,28.925
AAIT,5/19/2013,"	29.808",29.828,29.44,29.554,3760,28.925
AAIT,5/20/2013,"	29.900",30,29.9,29.95,3700,29.312
AAIT,5/21/2013,"	29.950",29.95,29.95,29.95,0,29.312
AAIT,5/22/2013,"	30.270",30.27,29.73,29.79,3700,29.156
AAIT,5/23/2013,"	29.600",29.6,28.72,29,6500,28.383
AAIT,5/24/2013,"	29.320",29.32,28.9,29.08,4900,28.461
AAIT,5/25/2013,"	23.400",23.45,23.058,23.174,6080,22.681
AAIT,5/26/2013,"	23.400",23.45,23.058,23.174,6080,22.681
AAIT,5/27/2013,"	28.566",28.876,28.216,28.438,7820,27.833
AAIT,5/28/2013,"	29.370",29.37,28.66,28.69,1100,28.079
AAIT,5/29/2013,"	29.330",29.33,28.82,29.08,17600,28.461
AAIT,5/30/2013,"	29.080",29.33,29.03,29.25,8200,28.627
AAIT,5/31/2013,"	29.220",29.22,28.78,28.85,3500,28.236
AAIT,6/1/2013,"	28.566",28.876,28.216,28.438,7820,27.833
AAIT,6/2/2013,"	28.566",28.876,28.216,28.438,7820,27.833
AAIT,6/3/2013,"	28.250",28.88,28.25,28.88,1300,28.265
AAIT,6/4/2013,"	29.490",29.49,28.48,28.82,9100,28.207
AAIT,6/5/2013,"	28.920",28.92,28.25,28.25,7100,27.649
AAIT,6/6/2013,"	28.080",28.39,28.08,28.22,9500,27.619
AAIT,6/7/2013,"	28.090",28.7,28.02,28.02,12100,27.424
AAIT,6/8/2013,"	28.024",28.268,27.752,28.026,2080,27.429
AAIT,6/9/2013,"	28.024",28.268,27.752,28.026,2080,27.429
AAIT,6/10/2013,"	28.420",28.78,28.42,28.61,1300,28.001
AAIT,6/11/2013,"	28.000",28.38,27.5,28,3400,27.404
AAIT,6/12/2013,"	28.100",28.1,27.77,27.97,1800,27.375
AAIT,6/13/2013,"	27.510",27.99,27.51,27.99,2400,27.394
AAIT,6/14/2013,"	28.090",28.09,27.56,27.56,1500,26.973
AAIT,6/15/2013,"	27.598",27.642,27.288,27.33,3600,26.748
AAIT,6/16/2013,"	27.598",27.642,27.288,27.33,3600,26.748
AAIT,6/17/2013,"	27.880",27.88,27.88,27.88,800,27.287
AAIT,6/18/2013,"	27.890",27.99,27.89,27.95,4200,27.355
AAIT,6/19/2013,"	28.200",28.2,27.94,27.94,1200,27.345
AAIT,6/20/2013,"	27.500",27.5,26.27,26.32,9700,25.76
AAIT,6/21/2013,"	26.520",26.64,26.46,26.56,2100,25.995
AAIT,6/22/2013,"	26.542",26.78,26.44,26.684,2500,26.126
AAIT,6/23/2013,"	26.542",26.78,26.44,26.684,2500,26.126
AAIT,6/24/2013,"	26.080",26.2,25.71,26.2,3200,25.642
AAIT,6/25/2013,"	26.200",26.45,26.1,26.45,3500,25.887
AAIT,6/26/2013,"	26.440",26.45,26.44,26.45,500,25.887
AAIT,6/27/2013,"	26.960",27.54,26.92,27.14,4800,26.587
AAIT,6/28/2013,"	27.030",27.26,27.03,27.18,500,26.627
AAIT,6/29/2013,"	22.006",22.126,21.862,21.956,3640,21.509
AAIT,6/30/2013,"	22.006",22.126,21.862,21.956,3640,21.509
AAIT,7/1/2013,"	27.880",27.98,27.48,27.55,8100,26.989
AAIT,7/2/2013,"	27.690",27.83,27.37,27.5,2700,26.94
AAIT,7/3/2013,"	27.500",27.5,27.5,27.5,0,26.94
AAIT,7/4/2013,"	27.808",27.844,27.56,27.7,4320,27.136
AAIT,7/5/2013,"	26.960",27.32,26.96,27.23,7400,26.676
AAIT,7/6/2013,"	27.808",27.844,27.56,27.7,4320,27.136
AAIT,7/7/2013,"	27.808",27.844,27.56,27.7,4320,27.136
AAIT,7/8/2013,"	27.360",27.46,27.15,27.42,7700,26.862
AAIT,7/9/2013,"	27.590",27.6,27.15,27.31,9900,26.754
AAIT,7/10/2013,"	27.290",27.36,27.13,27.3,2600,26.744
AAIT,7/11/2013,"	28.340",28.34,27.99,28.09,1000,27.518
AAIT,7/12/2013,"	28.460",28.46,28.38,28.38,400,27.802
AAIT,7/13/2013,"	28.464",28.642,28.33,28.522,1360,27.941
AAIT,7/14/2013,"	28.464",28.642,28.33,28.522,1360,27.941
AAIT,7/15/2013,"	28.460",28.79,28.31,28.59,4200,28.008
AAIT,7/16/2013,"	28.640",28.64,28.4,28.51,600,27.93
AAIT,7/17/2013,"	28.360",28.92,28.32,28.89,1400,28.302
AAIT,7/18/2013,"	28.720",28.72,28.48,28.48,500,27.9
AAIT,7/19/2013,"	28.140",28.14,28.14,28.14,100,27.567
AAIT,7/20/2013,"	27.982",27.982,27.802,27.952,860,27.383
AAIT,7/21/2013,"	27.982",27.982,27.802,27.952,860,27.383
AAIT,7/22/2013,"	27.720",27.72,27.72,27.72,400,27.156
AAIT,7/23/2013,"	27.840",27.84,27.84,27.84,900,27.273
AAIT,7/24/2013,"	27.840",27.84,27.84,27.84,0,27.273
AAIT,7/25/2013,"	28.400",28.4,27.89,28.37,2200,27.792
AAIT,7/26/2013,"	28.110",28.11,27.72,27.99,800,27.42
AAIT,7/27/2013,"	27.614",27.95,27.474,27.648,1100,27.085
AAIT,7/28/2013,"	27.614",27.95,27.474,27.648,1100,27.085
AAIT,7/29/2013,"	27.290",27.91,27.29,27.91,1000,27.342
AAIT,7/30/2013,"	27.430",27.49,27.43,27.47,900,26.911
AAIT,7/31/2013,"	27.770",27.77,27.77,27.77,200,27.205
AAIT,8/1/2013,"	28.260",28.29,27.56,27.56,1000,26.999
AAIT,8/2/2013,"	27.320",28.29,27.32,27.53,2400,26.969
AAIT,8/3/2013,"	27.694",27.828,27.688,27.708,400,27.144
AAIT,8/4/2013,"	27.694",27.828,27.688,27.708,400,27.144
AAIT,8/5/2013,"	27.620",28.08,27.59,27.59,500,27.028
AAIT,8/6/2013,"	28.090",28.09,28.09,28.09,100,27.518
AAIT,8/7/2013,"	27.500",27.61,27.5,27.54,600,26.979
AAIT,8/8/2013,"	27.540",27.54,27.54,27.54,0,26.979
AAIT,8/9/2013,"	27.720",27.82,27.72,27.78,800,27.214
AAIT,8/10/2013,"	27.786",27.906,27.436,27.562,1740,27.001
AAIT,8/11/2013,"	27.786",27.906,27.436,27.562,1740,27.001
AAIT,8/12/2013,"	27.690",27.69,27.16,27.16,1300,26.607
AAIT,8/13/2013,"	28.100",28.1,27.63,27.63,1300,27.067
AAIT,8/14/2013,"	27.390",27.99,27.38,27.58,2700,27.018
AAIT,8/15/2013,"	27.630",27.63,27.46,27.46,300,26.901
AAIT,8/16/2013,"	28.120",28.12,27.55,27.98,3100,27.41
AAIT,8/17/2013,"	27.418",27.456,27.224,27.242,660,26.687
AAIT,8/18/2013,"	27.418",27.456,27.224,27.242,660,26.687
AAIT,8/19/2013,"	27.600",27.6,27.11,27.2,1000,26.646
AAIT,8/20/2013,"	27.200",27.2,27.2,27.2,0,26.646
AAIT,8/21/2013,"	27.200",27.2,27.2,27.2,200,26.646
AAIT,8/22/2013,"	27.210",27.4,26.73,26.73,2000,26.186
AAIT,8/23/2013,"	27.880",27.88,27.88,27.88,100,27.312
AAIT,8/24/2013,"	27.692",27.772,27.48,27.564,620,27.003
AAIT,8/25/2013,"	27.692",27.772,27.48,27.564,620,27.003
AAIT,8/26/2013,"	28.320",28.32,27.26,27.66,1600,27.097
AAIT,8/27/2013,"	27.270",27.65,27.27,27.27,1200,26.715
AAIT,8/28/2013,"	27.610",27.63,27.61,27.63,300,27.067
AAIT,8/29/2013,"	27.630",27.63,27.63,27.63,0,27.067
AAIT,8/30/2013,"	27.630",27.63,27.63,27.63,0,27.067
AAIT,8/31/2013,"	22.618",22.682,22.608,22.67,960,22.208
AAIT,9/1/2013,"	22.618",22.682,22.608,22.67,960,22.208
AAIT,9/2/2013,"	29.222",29.332,29.222,29.248,5100,28.653
AAIT,9/3/2013,"	28.390",28.39,28.37,28.37,300,27.792
AAIT,9/4/2013,"	28.070",28.39,28.06,28.35,3800,27.773
AAIT,9/5/2013,"	28.230",28.23,28.23,28.23,100,27.655
AAIT,9/6/2013,"	28.400",28.4,28.38,28.4,600,27.822
AAIT,9/7/2013,"	29.222",29.332,29.222,29.248,5100,28.653
AAIT,9/8/2013,"	29.222",29.332,29.222,29.248,5100,28.653
AAIT,9/9/2013,"	28.400",28.4,28.4,28.4,0,27.822
AAIT,9/10/2013,"	29.000",29.55,29,29.13,25400,28.537
AAIT,9/11/2013,"	29.570",29.57,29.57,29.57,100,28.968
AAIT,9/12/2013,"	29.570",29.57,29.57,29.57,0,28.968
AAIT,9/13/2013,"	29.570",29.57,29.57,29.57,0,28.968
AAIT,9/14/2013,"	29.936",30.092,29.592,29.702,4360,29.097
AAIT,9/15/2013,"	29.936",30.092,29.592,29.702,4360,29.097
AAIT,9/16/2013,"	29.450",29.65,29.45,29.5,2200,28.899
AAIT,9/17/2013,"	29.600",29.83,29.32,29.32,11000,28.723
AAIT,9/18/2013,"	29.810",30.15,29.44,29.91,6100,29.301
AAIT,9/19/2013,"	30.570",30.57,30.34,30.37,1500,29.752
AAIT,9/20/2013,"	30.250",30.26,29.41,29.41,1000,28.811
AAIT,9/21/2013,"	29.920",29.924,29.768,29.782,1060,29.176
AAIT,9/22/2013,"	29.920",29.924,29.768,29.782,1060,29.176
AAIT,9/23/2013,"	29.850",29.85,29.6,29.65,800,29.046
AAIT,9/24/2013,"	29.650",29.65,29.65,29.65,0,29.046
AAIT,9/25/2013,"	30.200",30.2,29.85,29.85,400,29.242
AAIT,9/26/2013,"	30.160",30.16,30,30,3900,29.389
AAIT,9/27/2013,"	29.740",29.76,29.74,29.76,200,29.154
AAIT,9/28/2013,"	29.718",29.718,29.652,29.652,720,29.048
AAIT,9/29/2013,"	29.718",29.718,29.652,29.652,720,29.048
AAIT,9/30/2013,"	29.600",29.6,29.6,29.6,400,28.997
AAIT,10/1/2013,"	29.600",29.6,29.6,29.6,0,28.997
AAIT,10/2/2013,"	29.600",29.6,29.6,29.6,0,28.997
AAIT,10/3/2013,"	29.640",29.64,29.64,29.64,1600,29.037
AAIT,10/4/2013,"	30.150",30.15,29.82,29.82,1600,29.213
AAIT,10/5/2013,"	30.000",30.054,29.952,30.052,520,29.44
AAIT,10/6/2013,"	30.000",30.054,29.952,30.052,520,29.44
AAIT,10/7/2013,"	30.000",30.07,30,30.07,400,29.458
AAIT,10/8/2013,"	29.990",29.99,29.98,29.98,500,29.37
AAIT,10/9/2013,"	29.610",29.61,29.61,29.61,200,29.007
AAIT,10/10/2013,"	30.100",30.3,29.87,30.3,1500,29.683
AAIT,10/11/2013,"	30.300",30.3,30.3,30.3,0,29.683
AAIT,10/12/2013,"	30.862",30.942,30.482,30.536,1400,29.914
AAIT,10/13/2013,"	30.862",30.942,30.482,30.536,1400,29.914
AAIT,10/14/2013,"	30.820",30.82,30.35,30.35,1800,29.732
AAIT,10/15/2013,"	30.300",30.7,30.3,30.47,1700,29.85
AAIT,10/16/2013,"	30.470",30.47,30.47,30.47,0,29.85
AAIT,10/17/2013,"	31.050",31.05,30.65,30.75,3100,30.124
AAIT,10/18/2013,"	31.670",31.67,30.64,30.64,400,30.016
AAIT,10/19/2013,"	30.930",31.006,30.816,30.906,820,30.277
AAIT,10/20/2013,"	30.930",31.006,30.816,30.906,820,30.277
AAIT,10/21/2013,"	30.640",30.99,30.64,30.99,900,30.359
AAIT,10/22/2013,"	31.000",31,31,31,100,30.369
AAIT,10/23/2013,"	30.960",30.96,30.6,30.6,1900,29.977
AAIT,10/24/2013,"	31.010",31.04,31.01,31.04,700,30.408
AAIT,10/25/2013,"	31.040",31.04,30.83,30.9,500,30.271
AAIT,10/26/2013,"	31.300",31.452,31.102,31.254,1000,30.618
AAIT,10/27/2013,"	31.300",31.452,31.102,31.254,1000,30.618
AAIT,10/28/2013,"	30.480",31.24,30.48,31.23,2900,30.594
AAIT,10/29/2013,"	31.620",31.62,31.29,31.29,600,30.653
AAIT,10/30/2013,"	31.730",31.73,31.39,31.39,600,30.751
AAIT,10/31/2013,"	31.440",31.44,31.12,31.13,800,30.496
AAIT,11/1/2013,"	31.230",31.23,31.23,31.23,100,30.594
AAIT,11/2/2013,"	30.678",30.784,30.6,30.716,2000,30.091
AAIT,11/3/2013,"	30.678",30.784,30.6,30.716,2000,30.091
AAIT,11/4/2013,"	30.550",31.07,30.55,31.07,700,30.437
AAIT,11/5/2013,"	30.820",30.83,30.82,30.83,900,30.202
AAIT,11/6/2013,"	31.200",31.2,30.86,30.86,4100,30.232
AAIT,11/7/2013,"	30.550",30.55,30.5,30.55,4000,29.928
AAIT,11/8/2013,"	30.270",30.27,30.27,30.27,300,29.654
AAIT,11/9/2013,"	31.032",31.114,30.544,30.764,1580,30.138
AAIT,11/10/2013,"	31.032",31.114,30.544,30.764,1580,30.138
AAIT,11/11/2013,"	30.440",30.44,30.34,30.34,400,29.722
AAIT,11/12/2013,"	30.690",30.69,30.52,30.52,600,29.899
AAIT,11/13/2013,"	32.000",32,30.2,30.56,3500,29.938
AAIT,11/14/2013,"	30.660",30.92,30.66,30.92,1000,30.29
AAIT,11/15/2013,"	31.370",31.52,31,31.48,2400,30.839
AAIT,11/16/2013,"	31.444",31.54,31.21,31.394,1100,30.755
AAIT,11/17/2013,"	31.444",31.54,31.21,31.394,1100,30.755
AAIT,11/18/2013,"	31.600",31.65,31.5,31.65,1000,31.006
AAIT,11/19/2013,"	32.040",32.04,31.18,31.53,1000,30.888
AAIT,11/20/2013,"	31.390",31.4,31.18,31.18,1900,30.545
AAIT,11/21/2013,"	31.140",31.18,31.14,31.18,900,30.545
AAIT,11/22/2013,"	31.050",31.43,31.05,31.43,700,30.79
AAIT,11/23/2013,"	25.110",25.128,25.038,25.128,200,24.616
AAIT,11/24/2013,"	25.110",25.128,25.038,25.128,200,24.616
AAIT,11/25/2013,"	31.830",31.83,31.83,31.83,200,31.182
AAIT,11/26/2013,"	31.580",31.67,31.22,31.67,700,31.025
AAIT,11/27/2013,"	31.070",31.07,31.07,31.07,100,30.437
AAIT,11/28/2013,"	31.812",31.948,31.372,31.51,860,30.868
AAIT,11/29/2013,"	31.070",31.07,31.07,31.07,0,30.437
AAIT,11/30/2013,"	31.812",31.948,31.372,31.51,860,30.868
AAIT,12/1/2013,"	31.812",31.948,31.372,31.51,860,30.868
AAIT,12/2/2013,"	32.070",32.07,31.12,31.12,900,30.486
AAIT,12/3/2013,"	32.240",32.24,31,31,1300,30.369
AAIT,12/4/2013,"	31.740",31.74,31.74,31.74,300,31.094
AAIT,12/5/2013,"	31.010",31.53,31,31.53,1300,30.888
AAIT,12/6/2013,"	32.000",32.16,32,32.16,500,31.505
AAIT,12/7/2013,"	31.686",31.718,31.19,31.328,10800,30.69
AAIT,12/8/2013,"	31.686",31.718,31.19,31.328,10800,30.69
AAIT,12/9/2013,"	32.180",32.26,31.58,31.83,30500,31.182
AAIT,12/10/2013,"	32.000",32.08,31.5,31.58,17400,30.937
AAIT,12/11/2013,"	31.800",31.8,31.24,31.24,2600,30.604
AAIT,12/12/2013,"	31.300",31.3,30.97,31.03,800,30.398
AAIT,12/13/2013,"	31.150",31.15,30.66,30.96,2700,30.33
AAIT,12/14/2013,"	31.576",31.604,31.38,31.604,580,31.111
AAIT,12/15/2013,"	31.576",31.604,31.38,31.604,580,31.111
AAIT,12/16/2013,"	31.530",31.53,31.53,31.53,400,30.888
AAIT,12/17/2013,"	31.880",31.88,31.88,31.88,700,31.231
AAIT,12/18/2013,"	31.750",31.87,30.77,31.87,1200,31.474
AAIT,12/19/2013,"	31.660",31.68,31.66,31.68,300,31.286
AAIT,12/20/2013,"	31.060",31.06,31.06,31.06,300,30.674
AAIT,12/21/2013,"	24.980",24.98,24.86,24.95,160,24.64
AAIT,12/22/2013,"	24.980",24.98,24.86,24.95,160,24.64
AAIT,12/23/2013,"	31.720",31.72,31.12,31.57,700,31.178
AAIT,12/24/2013,"	31.060",31.06,31.06,31.06,100,30.674
AAIT,12/26/2013,"	31.060",31.06,31.06,31.06,0,30.674
AAIT,12/27/2013,"	31.060",31.06,31.06,31.06,0,30.674
AAIT,12/30/2013,"	31.560",31.98,31.53,31.53,1100,31.138
AAIT,12/31/2013,"	32.380",32.38,31.66,31.66,600,31.266
AAIT,1/1/2014,"	30.036",30.136,29.61,29.674,2980,29.154
AAIT,1/2/2014,"	31.970",31.97,31.97,31.97,200,31.573
AAIT,1/3/2014,"	31.840",31.84,31.4,31.67,3800,31.276
AAIT,1/4/2014,"	30.036",30.136,29.61,29.674,2980,29.154
AAIT,1/5/2014,"	30.036",30.136,29.61,29.674,2980,29.154
AAIT,1/6/2014,"	31.080",31.1,30.98,31.1,1300,30.713
AAIT,1/7/2014,"	31.780",31.78,30.79,30.81,1500,30.427
AAIT,1/8/2014,"	30.930",31.2,30.93,31.2,3000,30.812
AAIT,1/9/2014,"	30.840",30.84,30.84,30.84,500,30.457
AAIT,1/10/2014,"	31.140",32.22,31.12,32.22,1800,31.82
AAIT,1/11/2014,"	31.154",31.428,30.932,31.234,1620,30.846
AAIT,1/12/2014,"	31.154",31.428,30.932,31.234,1620,30.846
AAIT,1/13/2014,"	31.970",32.05,31.94,32.04,15400,31.642
AAIT,1/14/2014,"	31.950",32.37,31.95,32.37,500,31.968
AAIT,1/15/2014,"	32.400",32.4,32.4,32.4,200,31.997
AAIT,1/16/2014,"	31.750",31.82,31.75,31.82,800,31.424
AAIT,1/17/2014,"	31.690",32.5,31.69,32.49,3100,32.086
AAIT,1/18/2014,"	31.952",32.228,31.946,32.224,4000,31.823
AAIT,1/19/2014,"	31.952",32.228,31.946,32.224,4000,31.823
AAIT,1/20/2014,"	25.834",25.892,25.482,25.502,1940,25.185
AAIT,1/21/2014,"	32.190",32.47,31.58,31.68,2800,31.286
AAIT,1/22/2014,"	32.260",32.27,32.23,32.23,1700,31.829
AAIT,1/23/2014,"	32.500",32.5,32.17,32.17,700,31.77
AAIT,1/24/2014,"	32.220",32.22,31.43,31.43,4500,31.039
AAIT,1/25/2014,"	25.834",25.892,25.482,25.502,1940,25.185
AAIT,1/26/2014,"	25.834",25.892,25.482,25.502,1940,25.185
AAIT,1/27/2014,"	32.970",32.97,30.58,30.71,18100,30.328
AAIT,1/28/2014,"	31.190",31.19,30.67,30.73,2200,30.348
AAIT,1/29/2014,"	31.500",31.5,28.82,30.2,3800,29.825
AAIT,1/30/2014,"	30.980",30.98,30.5,30.55,1900,30.17
AAIT,1/31/2014,"	30.190",31.18,30.19,30.24,1100,29.864
AAIT,2/1/2014,"	31.366",31.564,30.152,30.486,5420,30.107
AAIT,2/2/2014,"	31.366",31.564,30.152,30.486,5420,30.107
AAIT,2/3/2014,"	30.890",30.89,29.85,29.85,2200,29.479
AAIT,2/4/2014,"	29.850",29.85,29.85,29.85,0,29.479
AAIT,2/5/2014,"	29.930",30.69,29.93,30.52,2400,30.141
AAIT,2/6/2014,"	30.590",31.17,30.59,31.14,700,30.753
AAIT,2/7/2014,"	30.460",30.65,30.46,30.65,400,30.269
AAIT,2/8/2014,"	30.344",30.65,30.136,30.402,1140,30.024
AAIT,2/9/2014,"	30.344",30.65,30.136,30.402,1140,30.024
AAIT,2/10/2014,"	30.470",30.6,30.44,30.48,1400,30.101
AAIT,2/11/2014,"	30.660",31.95,30.66,31.94,1900,31.543
AAIT,2/12/2014,"	31.930",31.93,31.24,31.24,1200,30.852
AAIT,2/13/2014,"	31.520",31.83,31.52,31.83,2300,31.434
AAIT,2/14/2014,"	31.650",31.65,31.4,31.4,400,31.01
AAIT,2/15/2014,"	31.246",31.592,31.052,31.378,1440,30.988
AAIT,2/16/2014,"	31.246",31.592,31.052,31.378,1440,30.988
AAIT,2/17/2014,"	25.658",25.846,25.296,25.516,520,25.199
AAIT,2/18/2014,"	31.550",32.49,31.55,32.49,900,32.086
AAIT,2/19/2014,"	32.760",32.76,32.55,32.55,500,32.145
AAIT,2/20/2014,"	32.710",32.71,31.11,31.27,1200,30.881
AAIT,2/21/2014,"	31.270",31.27,31.27,31.27,0,30.881
AAIT,2/22/2014,"	25.658",25.846,25.296,25.516,520,25.199
AAIT,2/23/2014,"	25.658",25.846,25.296,25.516,520,25.199
AAIT,2/24/2014,"	32.000",32.4,31.9,31.9,6000,31.503
AAIT,2/25/2014,"	33.310",33.31,32.18,32.2,2800,31.8
AAIT,2/26/2014,"	32.630",32.63,31.87,31.87,1300,31.474
AAIT,2/27/2014,"	32.200",32.98,32.2,32.26,5200,31.859
AAIT,2/28/2014,"	33.190",33.19,33.15,33.15,800,32.738
AAIT,3/1/2014,"	32.666",32.902,32.26,32.276,3220,31.875
AAIT,3/2/2014,"	32.666",32.902,32.26,32.276,3220,31.875
AAIT,3/3/2014,"	31.830",32.69,31.55,32.63,4300,32.224
AAIT,3/4/2014,"	32.630",32.63,32.63,32.63,0,32.224
AAIT,3/5/2014,"	33.780",33.78,32.31,32.36,1200,31.958
AAIT,3/6/2014,"	32.540",33.85,32.54,32.74,30800,32.333
AAIT,3/7/2014,"	33.710",33.71,32.5,33.35,11600,32.935
AAIT,3/8/2014,"	32.898",33.332,32.306,32.742,9580,32.335
AAIT,3/9/2014,"	32.898",33.332,32.306,32.742,9580,32.335
AAIT,3/10/2014,"	34.630",34.63,32.42,32.45,900,32.047
AAIT,3/11/2014,"	32.080",32.94,31.91,31.91,800,31.513
AAIT,3/12/2014,"	31.800",31.8,31.8,31.8,200,31.405
AAIT,3/13/2014,"	33.120",33.12,31.72,31.72,1000,31.326
AAIT,3/14/2014,"	33.370",33.37,31.56,31.56,3300,31.168
AAIT,3/15/2014,"	33.000",33.172,31.882,31.888,1240,31.492
AAIT,3/16/2014,"	33.000",33.172,31.882,31.888,1240,31.492
AAIT,3/17/2014,"	31.120",31.87,31.12,31.4,61700,31.01
AAIT,3/18/2014,"	31.420",31.42,31.29,31.29,1000,30.901
AAIT,3/19/2014,"	31.150",31.15,31.15,31.15,1100,30.763
AAIT,3/20/2014,"	31.150",31.15,31.15,31.15,0,30.763
AAIT,3/21/2014,"	30.920",31.43,30.92,30.96,1600,30.575
AAIT,3/22/2014,"	31.152",31.404,31.126,31.19,13080,30.802
AAIT,3/23/2014,"	31.152",31.404,31.126,31.19,13080,30.802
AAIT,3/24/2014,"	31.100",31.29,30.97,31.11,14600,30.723
AAIT,3/25/2014,"	31.100",31.43,30.87,31.4,5600,31.01
AAIT,3/26/2014,"	31.560",31.76,31.31,31.76,1000,31.365
AAIT,3/27/2014,"	31.850",31.85,31.5,31.5,700,31.108
AAIT,3/28/2014,"	31.740",31.85,31.74,31.85,900,31.454
AAIT,3/29/2014,"	31.470",31.636,31.278,31.524,4560,31.132
AAIT,3/30/2014,"	31.470",31.636,31.278,31.524,4560,31.132
AAIT,3/31/2014,"	32.070",32.07,32.07,32.07,1000,31.671
AAIT,4/1/2014,"	32.330",32.33,32.17,32.17,900,31.77
AAIT,4/2/2014,"	32.500",32.51,32.45,32.51,500,32.106
AAIT,4/3/2014,"	32.490",32.49,32.49,32.49,200,32.086
AAIT,4/4/2014,"	32.540",32.54,32.38,32.38,400,31.978
AAIT,4/5/2014,"	32.386",32.388,32.312,32.324,600,31.922
AAIT,4/6/2014,"	32.386",32.388,32.312,32.324,600,31.922
AAIT,4/7/2014,"	31.920",31.92,31.92,31.92,200,31.523
AAIT,4/8/2014,"	31.930",32.08,31.93,31.97,800,31.573
AAIT,4/9/2014,"	32.020",32.44,32.02,32.23,5400,31.829
AAIT,4/10/2014,"	32.070",32.07,31.85,31.85,1600,31.454
AAIT,4/11/2014,"	31.850",31.85,31.85,31.85,0,31.454
AAIT,4/12/2014,"	31.958",32.072,31.914,31.964,1600,31.567
AAIT,4/13/2014,"	31.958",32.072,31.914,31.964,1600,31.567
AAIT,4/14/2014,"	31.890",31.89,31.7,31.7,900,31.306
AAIT,4/15/2014,"	31.700",31.7,31.7,31.7,200,31.306
AAIT,4/16/2014,"	32.230",32.23,32.23,32.23,100,31.829
AAIT,4/17/2014,"	32.500",32.5,32.5,32.5,300,32.096
AAIT,4/18/2014,"	25.664",25.664,25.626,25.626,300,25.307
AAIT,4/19/2014,"	25.664",25.664,25.626,25.626,300,25.307
AAIT,4/20/2014,"	25.664",25.664,25.626,25.626,300,25.307
AAIT,4/21/2014,"	32.500",32.5,32.5,32.5,0,32.096
AAIT,4/22/2014,"	32.500",32.5,32.5,32.5,0,32.096
AAIT,4/23/2014,"	32.500",32.5,32.5,32.5,100,32.096
AAIT,4/24/2014,"	32.180",32.18,32.18,32.18,200,31.78
AAIT,4/25/2014,"	31.800",31.8,31.8,31.8,300,31.405
AAIT,4/26/2014,"	32.296",32.296,32.296,32.296,120,31.895
AAIT,4/27/2014,"	32.296",32.296,32.296,32.296,120,31.895
AAIT,4/28/2014,"	31.790",32.23,31.79,31.9,1300,31.503
AAIT,4/29/2014,"	31.900",31.9,31.88,31.88,200,31.484
AAIT,4/30/2014,"	31.880",31.88,31.88,31.88,0,31.484
AAIT,5/1/2014,"	31.880",31.88,31.88,31.88,0,31.484
AAIT,5/2/2014,"	32.180",32.24,32.18,32.24,500,31.839
AAIT,5/3/2014,"	31.926",32.026,31.922,31.956,400,31.559
AAIT,5/4/2014,"	31.926",32.026,31.922,31.956,400,31.559
AAIT,5/5/2014,"	32.250",32.25,32.25,32.25,200,31.849
AAIT,5/6/2014,"	32.250",32.25,32.25,32.25,0,31.849
AAIT,5/7/2014,"	31.930",32,31.68,32,1100,31.602
AAIT,5/8/2014,"	31.600",31.73,31.6,31.66,3800,31.266
AAIT,5/9/2014,"	31.660",31.66,31.66,31.66,0,31.266
AAIT,5/10/2014,"	31.938",31.978,31.888,31.964,1020,31.567
AAIT,5/11/2014,"	31.938",31.978,31.888,31.964,1020,31.567
AAIT,5/12/2014,"	31.740",32.25,31.74,32.25,400,31.849
AAIT,5/13/2014,"	32.240",32.59,32.24,32.59,2500,32.185
AAIT,5/14/2014,"	32.310",32.73,32.31,32.73,1100,32.323
AAIT,5/15/2014,"	32.730",32.73,32.73,32.73,0,32.323
AAIT,5/16/2014,"	33.440",33.44,33.44,33.44,400,33.024
AAIT,5/17/2014,"	32.492",32.748,32.492,32.748,880,32.341
AAIT,5/18/2014,"	32.492",32.748,32.492,32.748,880,32.341
AAIT,5/19/2014,"	32.830",32.87,32.83,32.87,500,32.461
AAIT,5/20/2014,"	32.550",32.55,32.55,32.55,300,32.145
AAIT,5/21/2014,"	32.550",32.55,32.55,32.55,0,32.145
AAIT,5/22/2014,"	32.840",32.84,32.84,32.84,200,32.432
AAIT,5/23/2014,"	32.790",32.91,32.79,32.91,700,32.501
AAIT,5/24/2014,"	32.712",32.744,32.712,32.744,340,32.337
AAIT,5/25/2014,"	32.712",32.744,32.712,32.744,340,32.337
AAIT,5/26/2014,"	26.658",26.836,26.658,26.824,1040,26.491
AAIT,5/27/2014,"	32.910",33.36,32.91,33.34,3100,32.926
AAIT,5/28/2014,"	33.220",33.66,33.22,33.62,700,33.202
AAIT,5/29/2014,"	33.660",33.66,33.66,33.66,900,33.242
AAIT,5/30/2014,"	33.500",33.5,33.5,33.5,500,33.084
AAIT,5/31/2014,"	26.658",26.836,26.658,26.824,1040,26.491
AAIT,6/1/2014,"	26.658",26.836,26.658,26.824,1040,26.491
AAIT,6/2/2014,"	33.500",33.5,33.5,33.5,0,33.084
AAIT,6/3/2014,"	34.010",34.01,34.01,34.01,200,33.587
AAIT,6/4/2014,"	33.890",33.93,33.55,33.93,900,33.508
AAIT,6/5/2014,"	33.930",33.93,33.93,33.93,100,33.508
AAIT,6/6/2014,"	34.270",34.32,34.27,34.32,400,33.893
AAIT,6/7/2014,"	33.920",33.938,33.852,33.938,320,33.516
AAIT,6/8/2014,"	33.920",33.938,33.852,33.938,320,33.516
AAIT,6/9/2014,"	34.400",34.4,33.98,34,1900,33.577
AAIT,6/10/2014,"	34.310",34.31,34.26,34.26,700,33.834
AAIT,6/11/2014,"	34.140",34.15,34.1,34.1,500,33.676
AAIT,6/12/2014,"	34.820",34.82,33.93,33.93,800,33.508
AAIT,6/13/2014,"	34.080",34.08,34.08,34.08,100,33.656
AAIT,6/14/2014,"	34.350",34.352,34.07,34.074,800,33.65
AAIT,6/15/2014,"	34.350",34.352,34.07,34.074,800,33.65
AAIT,6/16/2014,"	34.080",34.08,34.08,34.08,0,33.656
AAIT,6/17/2014,"	34.080",34.08,34.08,34.08,0,33.656
AAIT,6/18/2014,"	34.210",34.21,34.21,34.21,1500,33.785
AAIT,6/19/2014,"	34.200",34.53,34.12,34.41,700,33.982
AAIT,6/20/2014,"	34.410",34.41,34.41,34.41,0,33.982
AAIT,6/21/2014,"	34.196",34.262,34.18,34.238,440,33.812
AAIT,6/22/2014,"	34.196",34.262,34.18,34.238,440,33.812
AAIT,6/23/2014,"	34.410",34.41,34.41,34.41,0,33.982
AAIT,6/24/2014,"	34.620",34.62,34.41,34.42,1900,33.992
AAIT,6/25/2014,"	33.940",34.37,33.94,34.37,400,33.964
AAIT,6/26/2014,"	34.100",34.1,34.1,34.1,200,33.698
AAIT,6/27/2014,"	34.110",34.2,34.11,34.2,500,33.796
AAIT,6/28/2014,"	34.236",34.34,34.194,34.3,600,33.887
AAIT,6/29/2014,"	34.236",34.34,34.194,34.3,600,33.887
AAIT,6/30/2014,"	35.000",35,34.37,34.37,1000,33.964
AAIT,7/1/2014,"	34.370",34.37,34.37,34.37,0,33.964
AAIT,7/2/2014,"	34.920",35.53,34.92,35.53,2700,35.111
AAIT,7/3/2014,"	35.550",35.55,35.55,35.55,300,35.131
AAIT,7/4/2014,"	27.968",28.09,27.842,27.964,800,27.634
AAIT,7/5/2014,"	27.968",28.09,27.842,27.964,800,27.634
AAIT,7/6/2014,"	27.968",28.09,27.842,27.964,800,27.634
AAIT,7/7/2014,"	36.030",36.03,35.56,35.56,1000,35.14
AAIT,7/8/2014,"	35.020",35.5,35.01,35.09,17500,34.676
AAIT,7/9/2014,"	35.460",35.66,35.11,35.66,14300,35.239
AAIT,7/10/2014,"	35.040",35.05,35.04,35.05,300,34.636
AAIT,7/11/2014,"	35.090",35.09,35.04,35.04,600,34.627
AAIT,7/12/2014,"	35.328",35.466,35.152,35.28,6740,34.864
AAIT,7/13/2014,"	35.328",35.466,35.152,35.28,6740,34.864
AAIT,7/14/2014,"	35.420",35.47,35.12,35.45,7400,35.032
AAIT,7/15/2014,"	35.430",35.53,35,35.18,15500,34.765
AAIT,7/16/2014,"	35.000",35.47,35,35.42,23900,35.002
AAIT,7/17/2014,"	35.200",35.2,34.55,34.55,15900,34.142
AAIT,7/18/2014,"	35.100",35.31,35,35.05,37500,34.636
AAIT,7/19/2014,"	35.230",35.396,34.934,35.13,20040,34.716
AAIT,7/20/2014,"	35.230",35.396,34.934,35.13,20040,34.716
AAIT,7/21/2014,"	35.190",35.23,34.7,35.23,7500,34.814
AAIT,7/22/2014,"	35.380",35.71,35.35,35.56,25300,35.14
AAIT,7/23/2014,"	35.570",35.64,35.4,35.64,8000,35.22
AAIT,7/24/2014,"	35.670",35.67,35.26,35.5,12200,35.081
AAIT,7/25/2014,"	35.990",35.99,35.16,35.19,2400,34.775
AAIT,7/26/2014,"	35.560",35.648,35.174,35.424,11080,35.006
AAIT,7/27/2014,"	35.560",35.648,35.174,35.424,11080,35.006
AAIT,7/28/2014,"	35.090",35.09,35.09,35.09,600,34.676
AAIT,7/29/2014,"	35.660",35.66,35.21,35.21,700,34.795
AAIT,7/30/2014,"	35.690",35.69,35.28,35.36,1500,34.943
AAIT,7/31/2014,"	35.400",35.4,34.5,34.5,2300,34.093
AAIT,8/1/2014,"	34.120",34.55,34.12,34.55,800,34.142
AAIT,8/2/2014,"	35.192",35.278,34.84,34.942,1180,34.53
AAIT,8/3/2014,"	35.192",35.278,34.84,34.942,1180,34.53
AAIT,8/4/2014,"	34.930",35.18,34.93,35.18,1600,34.765
AAIT,8/5/2014,"	34.670",34.67,34.4,34.4,1200,33.994
AAIT,8/6/2014,"	34.990",34.99,34.35,34.55,13000,34.142
AAIT,8/7/2014,"	35.320",35.57,34.03,34.03,5600,33.628
AAIT,8/8/2014,"	33.890",33.89,33.89,33.89,1300,33.49
AAIT,8/9/2014,"	34.760",34.86,34.32,34.41,4540,34.004
AAIT,8/10/2014,"	34.760",34.86,34.32,34.41,4540,34.004
AAIT,8/11/2014,"	34.370",34.61,34.37,34.61,400,34.202
AAIT,8/12/2014,"	34.440",34.44,34.44,34.44,400,34.034
AAIT,8/13/2014,"	34.680",34.68,34.68,34.68,200,34.271
AAIT,8/14/2014,"	34.800",34.94,34.71,34.94,3600,34.528
AAIT,8/15/2014,"	35.470",35.47,34.83,34.83,700,34.419
AAIT,8/16/2014,"	34.752",34.828,34.606,34.7,1060,34.291
AAIT,8/17/2014,"	34.752",34.828,34.606,34.7,1060,34.291
AAIT,8/18/2014,"	35.040",35.04,34.62,34.62,800,34.212
AAIT,8/19/2014,"	34.630",34.84,34.63,34.84,3500,34.429
AAIT,8/20/2014,"	35.420",35.42,34.68,34.68,700,34.271
AAIT,8/21/2014,"	34.490",35.41,34.47,34.83,900,34.419
AAIT,8/22/2014,"	34.800",34.83,34.8,34.83,800,34.419
AAIT,8/23/2014,"	34.876",35.108,34.64,34.76,1340,34.35
AAIT,8/24/2014,"	34.876",35.108,34.64,34.76,1340,34.35
AAIT,8/25/2014,"	34.570",35.02,34.57,35.02,400,34.607
AAIT,8/26/2014,"	35.020",35.02,35.02,35.02,0,34.607
AAIT,8/27/2014,"	35.280",35.28,35.28,35.28,500,34.864
AAIT,8/28/2014,"	34.960",34.96,34.96,34.96,200,34.548
AAIT,8/29/2014,"	34.590",34.68,34.59,34.68,200,34.271
AAIT,8/30/2014,"	34.884",34.992,34.884,34.992,260,34.579
AAIT,8/31/2014,"	34.884",34.992,34.884,34.992,260,34.579
AAIT,9/1/2014,"	27.878",27.878,27.686,27.686,220,27.359
AAIT,9/2/2014,"	35.520",35.52,34.56,34.56,300,34.152
AAIT,9/3/2014,"	34.560",34.56,34.56,34.56,0,34.152
AAIT,9/4/2014,"	34.720",34.72,34.72,34.72,600,34.31
AAIT,9/5/2014,"	34.590",34.59,34.59,34.59,200,34.182
AAIT,9/6/2014,"	27.878",27.878,27.686,27.686,220,27.359
AAIT,9/7/2014,"	27.878",27.878,27.686,27.686,220,27.359
AAIT,9/8/2014,"	35.150",35.15,34.49,34.56,1000,34.152
AAIT,9/9/2014,"	34.540",34.54,34.54,34.54,100,34.132
AAIT,9/10/2014,"	34.470",34.47,34.16,34.16,500,33.757
AAIT,9/11/2014,"	34.000",34.03,34,34.03,900,33.628
AAIT,9/12/2014,"	34.050",34.3,34.05,34.3,500,33.895
AAIT,9/13/2014,"	34.442",34.498,34.248,34.318,600,33.913
AAIT,9/14/2014,"	34.442",34.498,34.248,34.318,600,33.913
AAIT,9/15/2014,"	34.820",34.82,34.82,34.82,300,34.409
AAIT,9/16/2014,"	34.470",34.47,34.47,34.47,200,34.063
AAIT,9/17/2014,"	34.470",34.47,34.47,34.47,0,34.063
AAIT,9/18/2014,"	34.010",34.01,34.01,34.01,800,33.609
AAIT,9/19/2014,"	34.490",34.49,34.49,34.49,800,34.083
AAIT,9/20/2014,"	34.452",34.452,34.452,34.452,420,34.046
AAIT,9/21/2014,"	34.452",34.452,34.452,34.452,420,34.046
AAIT,9/22/2014,"	34.500",34.5,34,34,2400,33.599
AAIT,9/23/2014,"	34.500",34.5,33.93,33.93,1200,33.53
AAIT,9/24/2014,"	32.980",34.24,32.98,33.73,8700,33.332
AAIT,9/25/2014,"	33.240",33.78,33.24,33.5,5200,33.105
AAIT,9/26/2014,"	33.930",34.07,33.48,33.92,27100,33.52
AAIT,9/27/2014,"	33.830",34.218,33.526,33.816,8920,33.417
AAIT,9/28/2014,"	33.830",34.218,33.526,33.816,8920,33.417
AAIT,9/29/2014,"	34.000",34,33.3,33.55,5200,33.154
AAIT,9/30/2014,"	33.600",33.62,33.6,33.62,300,33.223
AAIT,10/1/2014,"	34.000",34,33.05,33.05,500,32.66
AAIT,10/2/2014,"	32.770",32.77,32.77,32.77,200,32.383
AAIT,10/3/2014,"	32.870",33.53,32.87,33.53,500,33.134
AAIT,10/4/2014,"	33.448",33.584,33.118,33.304,1340,32.911
AAIT,10/5/2014,"	33.448",33.584,33.118,33.304,1340,32.911
AAIT,10/6/2014,"	33.530",33.53,33.53,33.53,0,33.134
AAIT,10/7/2014,"	32.980",33.63,32.96,32.97,2500,32.581
AAIT,10/8/2014,"	32.910",33.39,32.9,33.39,900,32.996
AAIT,10/9/2014,"	32.380",32.47,32.37,32.47,700,32.087
AAIT,10/10/2014,"	32.010",32.2,31.61,31.67,6700,31.296
AAIT,10/11/2014,"	32.762",33.044,32.674,32.806,2160,32.419
AAIT,10/12/2014,"	32.762",33.044,32.674,32.806,2160,32.419
AAIT,10/13/2014,"	31.670",31.67,31.67,31.67,0,31.296
AAIT,10/14/2014,"	31.810",31.81,31.81,31.81,100,31.435
AAIT,10/15/2014,"	31.800",31.8,31.29,31.47,1900,31.099
AAIT,10/16/2014,"	31.390",31.41,31.39,31.41,300,31.039
AAIT,10/17/2014,"	31.360",31.75,31.36,31.75,500,31.375
AAIT,10/18/2014,"	31.606",31.688,31.504,31.622,560,31.249
AAIT,10/19/2014,"	31.606",31.688,31.504,31.622,560,31.249
AAIT,10/20/2014,"	32.420",32.42,32.42,32.42,200,32.037
AAIT,10/21/2014,"	32.420",32.42,32.42,32.42,0,32.037
AAIT,10/22/2014,"	32.420",32.42,32.42,32.42,0,32.037
AAIT,10/23/2014,"	32.920",32.92,32.92,32.92,1000,32.532
AAIT,10/24/2014,"	32.920",32.92,32.92,32.92,0,32.532
AAIT,10/25/2014,"	32.620",32.62,32.62,32.62,240,32.235
AAIT,10/26/2014,"	32.620",32.62,32.62,32.62,240,32.235
AAIT,10/27/2014,"	32.730",32.73,32.73,32.73,200,32.344
AAIT,10/28/2014,"	33.100",33.13,33.1,33.13,400,32.739
AAIT,10/29/2014,"	33.090",33.1,33.09,33.09,2400,32.7
AAIT,10/30/2014,"	33.220",33.22,33.22,33.22,100,32.828
AAIT,10/31/2014,"	33.970",34.42,33.97,34.42,3000,34.014
AAIT,11/1/2014,"	33.222",33.32,33.222,33.318,1220,32.925
AAIT,11/2/2014,"	33.222",33.32,33.222,33.318,1220,32.925
AAIT,11/3/2014,"	34.420",34.43,34.05,34.35,11800,33.945
AAIT,11/4/2014,"	34.310",34.31,33.9,33.9,200,33.5
AAIT,11/5/2014,"	33.570",33.98,33.5,33.98,3000,33.579
AAIT,11/6/2014,"	33.400",33.43,33.4,33.43,800,33.036
AAIT,11/7/2014,"	33.170",33.7,33.17,33.42,2400,33.026
AAIT,11/8/2014,"	33.774",33.97,33.604,33.816,3640,33.417
AAIT,11/9/2014,"	33.774",33.97,33.604,33.816,3640,33.417
AAIT,11/10/2014,"	33.420",33.42,33.42,33.42,0,33.026
AAIT,11/11/2014,"	33.420",33.42,33.42,33.42,0,33.026
AAIT,11/12/2014,"	33.900",34.12,33.9,33.93,2800,33.53
AAIT,11/13/2014,"	33.760",33.8,33.76,33.8,2600,33.401
AAIT,11/14/2014,"	33.800",33.8,33.8,33.8,0,33.401
AAIT,11/15/2014,"	33.660",33.712,33.66,33.674,1080,33.277
AAIT,11/16/2014,"	33.660",33.712,33.66,33.674,1080,33.277
AAIT,11/17/2014,"	33.800",33.8,33.8,33.8,0,33.401
AAIT,11/18/2014,"	33.950",33.95,33.73,33.73,1000,33.332
AAIT,11/19/2014,"	33.420",33.44,33.42,33.42,2500,33.026
AAIT,11/20/2014,"	33.420",33.42,33.42,33.42,100,33.026
AAIT,11/21/2014,"	33.420",33.42,33.42,33.42,0,33.026
AAIT,11/22/2014,"	33.602",33.606,33.558,33.558,720,33.162
AAIT,11/23/2014,"	33.602",33.606,33.558,33.558,720,33.162
AAIT,11/24/2014,"	34.300",34.3,33.75,33.75,500,33.352
AAIT,11/25/2014,"	33.670",33.77,33.67,33.77,1000,33.372
AAIT,11/26/2014,"	33.770",33.77,33.77,33.77,0,33.372
AAIT,11/27/2014,"	27.102",27.122,26.992,27.012,300,26.693
AAIT,11/28/2014,"	33.770",33.77,33.77,33.77,0,33.372
AAIT,11/29/2014,"	27.102",27.122,26.992,27.012,300,26.693
AAIT,11/30/2014,"	27.102",27.122,26.992,27.012,300,26.693
AAIT,12/1/2014,"	34.200",34.2,34.2,34.2,100,33.796
AAIT,12/2/2014,"	34.300",34.3,34.17,34.17,800,33.767
AAIT,12/3/2014,"	34.170",34.17,34.17,34.17,0,33.767
AAIT,12/4/2014,"	34.530",34.53,34.22,34.22,300,33.816
AAIT,12/5/2014,"	34.200",34.2,34.2,34.2,100,33.796
AAIT,12/6/2014,"	34.280",34.28,34.192,34.192,260,33.789
AAIT,12/7/2014,"	34.280",34.28,34.192,34.192,260,33.789
AAIT,12/8/2014,"	34.200",34.2,34.2,34.2,0,33.796
AAIT,12/9/2014,"	33.500",33.54,33.5,33.54,500,33.144
AAIT,12/10/2014,"	33.540",33.54,33.54,33.54,0,33.144
AAIT,12/11/2014,"	33.540",33.54,33.54,33.54,0,33.144
AAIT,12/12/2014,"	33.540",33.54,33.54,33.54,0,33.144
AAIT,12/13/2014,"	33.664",33.672,33.664,33.672,100,33.275
AAIT,12/14/2014,"	33.664",33.672,33.664,33.672,100,33.275
AAIT,12/15/2014,"	32.500",32.9,32.5,32.9,500,32.512
AAIT,12/16/2014,"	32.190",32.19,32.19,32.19,1100,31.81
AAIT,12/17/2014,"	32.240",32.24,32.24,32.24,1000,32.197
AAIT,12/18/2014,"	32.510",32.51,32.51,32.51,900,32.466
AAIT,12/19/2014,"	33.240",33.24,32.94,32.94,300,32.896
AAIT,12/20/2014,"	32.536",32.616,32.476,32.556,760,32.376
AAIT,12/21/2014,"	32.536",32.616,32.476,32.556,760,32.376
AAIT,12/22/2014,"	33.570",33.57,33.15,33.15,500,33.105
AAIT,12/23/2014,"	32.950",33.25,32.95,33.25,600,33.205
AAIT,12/24/2014,"	33.250",33.25,33.25,33.25,0,33.205
AAIT,12/25/2014,"	26.608",26.668,26.524,26.584,260,26.548
AAIT,12/26/2014,"	33.270",33.27,33.27,33.27,200,33.225
AAIT,12/27/2014,"	26.608",26.668,26.524,26.584,260,26.548
AAIT,12/28/2014,"	26.608",26.668,26.524,26.584,260,26.548
AAIT,12/29/2014,"	33.180",33.22,33.18,33.2,1700,33.155
AAIT,12/30/2014,"	32.860",32.95,32.86,32.95,1200,32.906
AAIT,12/31/2014,"	32.950",32.95,32.95,32.95,0,32.906
AAIT,1/1/2015,"	32.560",32.586,32.472,32.548,1380,32.363
AAIT,1/2/2015,"	32.940",32.98,32.81,32.81,1200,32.766
AAIT,1/3/2015,"	32.560",32.586,32.472,32.548,1380,32.363
AAIT,1/4/2015,"	32.560",32.586,32.472,32.548,1380,32.363
AAIT,1/5/2015,"	32.810",32.81,32.81,32.81,0,32.766
AAIT,1/6/2015,"	32.020",32.02,32,32.02,2000,31.977
AAIT,1/7/2015,"	32.570",32.57,32.56,32.57,800,32.526
AAIT,1/8/2015,"	33.200",33.24,33.19,33.24,1400,33.195
AAIT,1/9/2015,"	33.240",33.24,33.24,33.24,0,33.195
AAIT,1/10/2015,"	32.768",32.776,32.76,32.776,840,32.732
AAIT,1/11/2015,"	32.768",32.776,32.76,32.776,840,32.732
AAIT,1/12/2015,"	33.260",33.29,32.96,33.29,700,33.245
AAIT,1/13/2015,"	33.300",33.38,33.3,33.38,700,33.335
AAIT,1/14/2015,"	33.020",33.17,33.01,33.17,2100,33.125
AAIT,1/15/2015,"	33.170",33.17,33.17,33.17,0,33.125
AAIT,1/16/2015,"	33.640",33.64,33.43,33.59,1800,33.545
AAIT,1/17/2015,"	33.278",33.33,33.174,33.32,1060,33.275
AAIT,1/18/2015,"	33.278",33.33,33.174,33.32,1060,33.275
AAIT,1/19/2015,"	27.408",27.508,27.318,27.414,1400,27.377
AAIT,1/20/2015,"	34.120",34.12,33.67,33.9,1500,33.854
AAIT,1/21/2015,"	34.120",34.46,34.12,34.21,5200,34.164
AAIT,1/22/2015,"	34.320",34.48,34.32,34.48,300,34.434
AAIT,1/23/2015,"	34.480",34.48,34.48,34.48,0,34.434
AAIT,1/24/2015,"	27.408",27.508,27.318,27.414,1400,27.377
AAIT,1/25/2015,"	27.408",27.508,27.318,27.414,1400,27.377
AAIT,1/26/2015,"	34.480",34.48,34.48,34.48,0,34.434
AAIT,1/27/2015,"	34.550",34.97,34.54,34.77,28800,34.723
AAIT,1/28/2015,"	34.780",34.81,34.54,34.54,600,34.494
AAIT,1/29/2015,"	34.410",34.54,34.41,34.54,800,34.494
AAIT,1/30/2015,"	34.540",34.54,34.54,34.54,0,34.494
AAIT,1/31/2015,"	34.552",34.668,34.502,34.574,6040,34.528
AAIT,2/1/2015,"	34.552",34.668,34.502,34.574,6040,34.528
AAIT,2/2/2015,"	34.580",34.58,34.43,34.43,400,34.384
AAIT,2/3/2015,"	34.200",34.2,34.2,34.2,600,34.154
AAIT,2/4/2015,"	34.440",34.44,34.44,34.44,200,34.394
AAIT,2/5/2015,"	33.730",34.76,33.73,34.76,3900,34.713
AAIT,2/6/2015,"	34.570",34.57,34.57,34.57,200,34.524
AAIT,2/7/2015,"	34.304",34.51,34.274,34.48,1060,34.434
AAIT,2/8/2015,"	34.304",34.51,34.274,34.48,1060,34.434
AAIT,2/9/2015,"	34.570",34.57,34.57,34.57,0,34.524
AAIT,2/10/2015,"	34.300",34.44,34.1,34.44,700,34.394
AAIT,2/11/2015,"	34.300",34.3,34.3,34.3,600,34.254
AAIT,2/12/2015,"	34.200",34.2,34.2,34.2,800,34.154
AAIT,2/13/2015,"	34.500",34.5,34.5,34.5,300,34.454
AAIT,2/14/2015,"	34.374",34.402,34.334,34.402,480,34.356
AAIT,2/15/2015,"	34.374",34.402,34.334,34.402,480,34.356
AAIT,2/16/2015,"	27.822",27.822,27.818,27.818,260,27.781
AAIT,2/17/2015,"	34.440",34.44,34.44,34.44,300,34.394
AAIT,2/18/2015,"	34.800",34.8,34.8,34.8,300,34.753
AAIT,2/19/2015,"	34.800",34.8,34.8,34.8,0,34.753
AAIT,2/20/2015,"	35.070",35.07,35.05,35.05,700,35.003
AAIT,2/21/2015,"	27.822",27.822,27.818,27.818,260,27.781
AAIT,2/22/2015,"	27.822",27.822,27.818,27.818,260,27.781
AAIT,2/23/2015,"	34.930",34.93,34.93,34.93,200,34.883
AAIT,2/24/2015,"	35.330",35.33,35.33,35.33,200,35.283
AAIT,2/25/2015,"	35.330",35.33,35.33,35.33,0,35.283
AAIT,2/26/2015,"	35.120",35.15,35.12,35.15,700,35.103
AAIT,2/27/2015,"	35.670",35.67,35.67,35.67,200,35.622
AAIT,2/28/2015,"	35.276",35.282,35.276,35.282,260,35.235
AAIT,3/1/2015,"	35.276",35.282,35.276,35.282,260,35.235
AAIT,3/2/2015,"	35.780",35.78,35.78,35.78,1100,35.732
AAIT,3/3/2015,"	35.360",35.38,35.36,35.38,1000,35.332
AAIT,3/4/2015,"	35.530",35.53,35.53,35.53,700,35.482
AAIT,3/5/2015,"	35.490",35.66,35.49,35.66,800,35.612
AAIT,3/6/2015,"	35.390",35.39,35.33,35.33,700,35.283
AAIT,3/7/2015,"	35.510",35.548,35.498,35.536,860,35.488
AAIT,3/8/2015,"	35.510",35.548,35.498,35.536,860,35.488
AAIT,3/9/2015,"	35.250",35.25,35.25,35.25,600,35.203
AAIT,3/10/2015,"	34.750",34.75,33.28,34.7,2700,34.653
AAIT,3/11/2015,"	34.610",34.98,34.61,34.98,900,34.933
AAIT,3/12/2015,"	35.160",35.16,35.16,35.16,100,35.113
AAIT,3/13/2015,"	35.510",35.51,35.1,35.12,900,35.073
AAIT,3/14/2015,"	35.056",35.13,34.68,35.042,1040,34.995
AAIT,3/15/2015,"	35.056",35.13,34.68,35.042,1040,34.995
AAIT,3/16/2015,"	35.650",35.65,35.65,35.65,100,35.602
AAIT,3/17/2015,"	35.780",35.78,35.66,35.66,800,35.612
AAIT,3/18/2015,"	36.000",36.55,36,36.55,1100,36.501
AAIT,3/19/2015,"	36.100",36.49,36.1,36.47,1600,36.421
AAIT,3/20/2015,"	36.470",36.47,36.47,36.47,0,36.421
AAIT,3/21/2015,"	36.000",36.188,35.976,36.16,720,36.111
AAIT,3/22/2015,"	36.000",36.188,35.976,36.16,720,36.111
AAIT,3/23/2015,"	37.050",37.05,36.98,36.98,500,36.93
AAIT,3/24/2015,"	36.950",36.95,36.9,36.9,400,36.85
AAIT,3/25/2015,"	36.900",36.9,36.9,36.9,0,36.85
AAIT,3/26/2015,"	35.980",35.98,35.98,35.98,100,35.932
AAIT,3/27/2015,"	36.000",36,36,36,100,35.952
AAIT,3/28/2015,"	36.576",36.576,36.552,36.552,220,36.503
AAIT,3/29/2015,"	36.576",36.576,36.552,36.552,220,36.503
AAIT,3/30/2015,"	35.800",36.24,35.8,36.24,600,36.191
AAIT,3/31/2015,"	36.160",36.23,35.86,35.86,700,35.812
AAIT,4/1/2015,"	35.920",36.15,35.92,36.15,400,36.101
AAIT,4/2/2015,"	36.200",36.2,36.2,36.2,1000,36.151
AAIT,4/3/2015,"	28.816",28.964,28.756,28.89,540,28.851
AAIT,4/4/2015,"	28.816",28.964,28.756,28.89,540,28.851
AAIT,4/5/2015,"	28.816",28.964,28.756,28.89,540,28.851
AAIT,4/6/2015,"	36.700",36.97,36.7,36.97,800,36.92
AAIT,4/7/2015,"	36.960",36.96,36.96,36.96,200,36.91
AAIT,4/8/2015,"	37.050",37.1,36.99,36.99,1100,36.94
AAIT,4/9/2015,"	36.990",36.99,36.99,36.99,0,36.94
AAIT,4/10/2015,"	37.030",37.03,37.03,37.03,200,36.98
AAIT,4/11/2015,"	36.946",37.01,36.934,36.988,460,36.938
AAIT,4/12/2015,"	36.946",37.01,36.934,36.988,460,36.938
AAIT,4/13/2015,"	37.620",37.62,37.41,37.41,1400,37.36
AAIT,4/14/2015,"	37.250",37.25,37.25,37.25,100,37.2
AAIT,4/15/2015,"	37.090",37.09,37.09,37.09,400,37.04
AAIT,4/16/2015,"	37.090",37.09,37.09,37.09,0,37.04
AAIT,4/17/2015,"	36.560",36.56,36.08,36.31,800,36.261
AAIT,4/18/2015,"	37.122",37.122,36.984,37.03,540,36.98
AAIT,4/19/2015,"	37.122",37.122,36.984,37.03,540,36.98
AAIT,4/20/2015,"	36.350",36.35,36.22,36.22,300,36.171
AAIT,4/21/2015,"	36.430",36.54,36.43,36.54,900,36.491
AAIT,4/22/2015,"	36.740",37.17,36.74,36.98,900,36.93
AAIT,4/23/2015,"	37.340",37.6,37.34,37.6,1500,37.549
AAIT,4/24/2015,"	37.710",37.71,37.16,37.51,1100,37.46
AAIT,4/25/2015,"	36.914",37.074,36.778,36.97,940,36.92
AAIT,4/26/2015,"	36.914",37.074,36.778,36.97,940,36.92
AAIT,4/27/2015,"	37.200",37.2,37.19,37.19,500,37.14
AAIT,4/28/2015,"	37.090",37.09,37.09,37.09,700,37.04
AAIT,4/29/2015,"	37.170",37.17,37.17,37.17,200,37.12
AAIT,4/30/2015,"	36.850",36.87,36.29,36.29,1200,36.241
AAIT,5/1/2015,"	36.320",36.83,36.32,36.8,900,36.751
AAIT,5/2/2015,"	36.926",37.032,36.812,36.908,700,36.858
AAIT,5/3/2015,"	36.926",37.032,36.812,36.908,700,36.858
AAIT,5/4/2015,"	36.800",36.8,36.8,36.8,0,36.751
AAIT,5/5/2015,"	36.010",36.32,36.01,36.32,600,36.271
AAIT,5/6/2015,"	36.320",36.32,36.32,36.32,0,36.271
AAIT,5/7/2015,"	36.320",36.32,36.32,36.32,0,36.271
AAIT,5/8/2015,"	36.450",36.45,36.45,36.45,300,36.401
AAIT,5/9/2015,"	36.380",36.442,36.38,36.442,180,36.393
AAIT,5/10/2015,"	36.380",36.442,36.38,36.442,180,36.393
AAIT,5/11/2015,"	36.400",36.4,36.3,36.3,1000,36.251
AAIT,5/12/2015,"	35.960",35.97,35.96,35.97,1000,35.922
AAIT,5/13/2015,"	35.970",35.97,35.97,35.97,0,35.922
AAIT,5/14/2015,"	36.350",36.35,36.35,36.35,300,36.301
AAIT,5/15/2015,"	36.350",36.35,36.35,36.35,0,36.301
AAIT,5/16/2015,"	36.206",36.208,36.186,36.188,460,36.139
AAIT,5/17/2015,"	36.206",36.208,36.186,36.188,460,36.139
AAIT,5/18/2015,"	36.580",36.7,36.58,36.7,600,36.651
AAIT,5/19/2015,"	36.550",36.55,36.55,36.55,300,36.501
AAIT,5/20/2015,"	36.340",36.51,36.34,36.51,800,36.461
AAIT,5/21/2015,"	36.510",36.51,36.51,36.51,0,36.461
AAIT,5/22/2015,"	36.200",36.2,36.2,36.2,400,36.151
AAIT,5/23/2015,"	36.436",36.494,36.436,36.494,420,36.445
AAIT,5/24/2015,"	36.436",36.494,36.436,36.494,420,36.445
AAIT,5/25/2015,"	28.688",28.688,28.59,28.592,500,28.554
AAIT,5/26/2015,"	36.080",36.08,36.08,36.08,1700,36.032
AAIT,5/27/2015,"	36.080",36.08,36.08,36.08,0,36.032
AAIT,5/28/2015,"	35.880",35.88,35.39,35.4,800,35.352
AAIT,5/29/2015,"	35.400",35.4,35.4,35.4,0,35.352
AAIT,5/30/2015,"	28.688",28.688,28.59,28.592,500,28.554
AAIT,5/31/2015,"	28.688",28.688,28.59,28.592,500,28.554
AAIT,6/1/2015,"	35.400",35.4,35.4,35.4,0,35.352
AAIT,6/2/2015,"	36.050",36.05,36.05,36.05,700,36.002
AAIT,6/3/2015,"	35.810",35.81,35.8,35.8,200,35.752
AAIT,6/4/2015,"	35.800",35.8,35.5,35.5,900,35.452
AAIT,6/5/2015,"	35.260",35.32,35.26,35.32,2200,35.273
AAIT,6/6/2015,"	35.664",35.676,35.602,35.614,800,35.566
AAIT,6/7/2015,"	35.664",35.676,35.602,35.614,800,35.566
AAIT,6/8/2015,"	35.320",35.32,35.32,35.32,0,35.273
AAIT,6/9/2015,"	34.190",34.69,34.19,34.69,3500,34.643
AAIT,6/10/2015,"	34.690",34.69,34.69,34.69,0,34.643
AAIT,6/11/2015,"	34.680",34.68,34.68,34.68,200,34.633
AAIT,6/12/2015,"	34.640",35.01,34.64,35.01,300,34.963
AAIT,6/13/2015,"	34.704",34.878,34.704,34.878,800,34.831
AAIT,6/14/2015,"	34.704",34.878,34.704,34.878,800,34.831
AAIT,6/15/2015,"	35.010",35.01,35.01,35.01,0,34.963
AAIT,6/16/2015,"	34.800",34.8,34.71,34.77,700,34.723
AAIT,6/17/2015,"	34.650",34.65,34.65,34.65,200,34.603
AAIT,6/18/2015,"	34.520",34.83,34.52,34.83,300,34.783
AAIT,6/19/2015,"	35.260",35.26,35.26,35.26,400,35.213
AAIT,6/20/2015,"	34.848",34.91,34.83,34.904,320,34.857
AAIT,6/21/2015,"	34.848",34.91,34.83,34.904,320,34.857
AAIT,6/22/2015,"	35.300",35.3,35.3,35.3,300,35.253
AAIT,6/23/2015,"	35.850",35.89,35.73,35.73,2900,35.682
AAIT,6/24/2015,"	35.730",35.73,35.73,35.73,0,35.682
AAIT,6/25/2015,"	35.830",35.83,35.35,35.35,2100,35.35
AAIT,6/26/2015,"	35.190",35.29,35.13,35.14,5900,35.14
AAIT,6/27/2015,"	35.580",35.608,35.448,35.45,2240,35.421
AAIT,6/28/2015,"	35.580",35.608,35.448,35.45,2240,35.421
AAIT,6/29/2015,"	34.920",34.92,34.92,34.92,300,34.92
AAIT,6/30/2015,"	34.680",34.68,34.51,34.51,300,34.51
AAIT,7/1/2015,"	34.930",35.02,34.85,34.85,3900,34.85
AAIT,7/2/2015,"	34.950",34.95,34.51,34.85,2600,34.85
AAIT,7/3/2015,"	27.896",27.914,27.758,27.826,1420,27.826
AAIT,7/4/2015,"	27.896",27.914,27.758,27.826,1420,27.826
AAIT,7/5/2015,"	27.896",27.914,27.758,27.826,1420,27.826
AAIT,7/6/2015,"	34.410",34.41,34.13,34.13,4200,34.13
AAIT,7/7/2015,"	33.630",33.87,33.53,33.87,3200,33.87
AAIT,7/8/2015,"	33.280",33.28,32.54,32.61,2000,32.61
AAIT,7/9/2015,"	33.250",33.25,33.06,33.2,6000,33.2
AAIT,7/10/2015,"	33.290",33.29,33.29,33.29,100,33.29
AAIT,7/11/2015,"	33.572",33.62,33.31,33.42,3100,33.42
AAIT,7/12/2015,"	33.572",33.62,33.31,33.42,3100,33.42
AAIT,7/13/2015,"	33.260",33.86,33.26,33.86,2500,33.86
AAIT,7/14/2015,"	33.430",33.43,33.43,33.43,100,33.43
AAIT,7/15/2015,"	33.400",33.64,33.34,33.38,1000,33.38
AAIT,7/16/2015,"	33.460",33.46,33.46,33.46,300,33.46
AAIT,7/17/2015,"	33.460",33.46,33.46,33.46,0,33.46
AAIT,7/18/2015,"	33.402",33.57,33.39,33.518,780,33.518
AAIT,7/19/2015,"	33.402",33.57,33.39,33.518,780,33.518
AAIT,7/20/2015,"	34.060",34.18,33.71,33.83,1500,33.83
AAIT,7/21/2015,"	33.800",33.8,33.8,33.8,200,33.8
AAIT,7/22/2015,"	33.260",33.44,33.26,33.44,500,33.44
AAIT,7/23/2015,"	33.200",33.2,32.83,32.98,600,32.98
AAIT,7/24/2015,"	32.520",32.79,32.52,32.79,500,32.79
AAIT,7/25/2015,"	33.368",33.482,33.224,33.368,660,33.368
AAIT,7/26/2015,"	33.368",33.482,33.224,33.368,660,33.368
AAIT,7/27/2015,"	31.920",32.2,31.72,31.89,4600,31.89
AAIT,7/28/2015,"	32.490",32.49,32.27,32.35,300,32.35
AAIT,7/29/2015,"	32.350",32.35,32.35,32.35,0,32.35
AAIT,7/30/2015,"	32.350",32.35,32.35,32.35,0,32.35
AAIT,7/31/2015,"	32.090",32.52,32.09,32.52,300,32.52
AAIT,8/1/2015,"	32.240",32.382,32.156,32.292,1040,32.292
AAIT,8/2/2015,"	32.240",32.382,32.156,32.292,1040,32.292
AAIT,8/3/2015,"	31.670",31.75,31.55,31.67,4000,31.67
AAIT,8/4/2015,"	31.440",31.84,31.44,31.47,3700,31.47
AAIT,8/5/2015,"	31.690",31.86,31.51,31.52,67400,31.52
AAIT,8/6/2015,"	31.260",31.29,31.09,31.15,600,31.15
AAIT,8/7/2015,"	31.480",31.63,31.2,31.37,1100,31.37
AAIT,8/8/2015,"	31.508",31.674,31.358,31.436,15360,31.436
AAIT,8/9/2015,"	31.508",31.674,31.358,31.436,15360,31.436
AAIT,12/28/2015,"	6.588",6.596,6.562,6.562,240,6.553
AAIT,12/29/2015,"	6.588",6.596,6.562,6.562,240,6.553
AAIT,12/30/2015,"	6.588",6.596,6.562,6.562,240,6.553
AAIT,12/31/2015,"	6.588",6.596,6.562,6.562,240,6.553
