ABAC,7/20/10,	6.49,6.49,5.25,5.35,237000,5.35
ABAC,7/21/10,	5.27,5.31,4.08,4.25,226700,4.25
ABAC,7/22/10,	4.25,4.59,4.15,4.24,62700,4.24
ABAC,7/23/10,	4.15,4.25,3.88,4.02,70200,4.02
ABAC,7/26/10,	4.02,4.22,3.93,3.98,69100,3.98
ABAC,7/27/10,	4.15,4.15,3.97,4.04,11100,4.04
ABAC,7/28/10,	4.09,4.19,4.06,4.09,32300,4.09
ABAC,7/29/10,	4.18,4.19,3.95,4.03,68500,4.03
ABAC,7/30/10,	4.00,4.08,3.95,3.99,23600,3.99
ABAC,8/2/10,	4.15,4.15,4.02,4.03,16200,4.03
ABAC,8/3/10,	4.02,4.05,3.95,3.99,18900,3.99
ABAC,8/4/10,	4.00,4.05,3.99,4.00,9000,4.00
ABAC,8/5/10,	4.00,4.00,3.60,3.69,41900,3.69
ABAC,8/6/10,	3.69,3.95,3.69,3.90,46200,3.90
ABAC,8/9/10,	3.80,4.00,3.80,3.90,30200,3.90
ABAC,8/10/10,	3.89,4.01,3.83,4.00,55100,4.00
ABAC,8/11/10,	3.83,3.99,3.83,3.83,6400,3.83
ABAC,8/12/10,	3.80,3.85,3.65,3.70,27900,3.70
ABAC,8/13/10,	3.80,4.43,3.80,4.39,103600,4.39
ABAC,8/16/10,	4.35,4.42,4.11,4.15,22700,4.15
ABAC,8/17/10,	4.20,4.20,4.01,4.17,26100,4.17
ABAC,8/18/10,	4.15,4.28,4.08,4.28,12800,4.28
ABAC,8/19/10,	4.28,4.28,4.00,4.00,17900,4.00
ABAC,8/20/10,	4.01,4.05,3.89,3.92,14100,3.92
ABAC,8/23/10,	3.90,4.00,3.82,3.85,24000,3.85
ABAC,8/24/10,	3.81,3.97,3.71,3.87,11700,3.87
ABAC,8/25/10,	3.75,3.76,3.65,3.70,22600,3.70
ABAC,8/26/10,	3.76,3.78,3.63,3.76,21800,3.76
ABAC,8/27/10,	3.81,3.90,3.81,3.90,6400,3.90
ABAC,8/30/10,	3.82,3.82,3.71,3.75,13900,3.75
ABAC,8/31/10,	3.91,3.91,3.73,3.85,9900,3.85
ABAC,9/1/10,	3.78,3.95,3.65,3.80,19000,3.80
ABAC,9/2/10,	3.80,3.87,3.80,3.82,5200,3.82
ABAC,9/3/10,	3.97,3.97,3.75,3.75,18300,3.75
ABAC,9/7/10,	3.96,3.97,3.77,3.81,10900,3.81
ABAC,9/8/10,	3.80,3.80,3.75,3.79,6300,3.79
ABAC,9/9/10,	3.76,3.77,3.72,3.72,9700,3.72
ABAC,9/10/10,	3.93,3.93,3.70,3.70,6500,3.70
ABAC,9/13/10,	3.95,4.11,3.88,4.06,47400,4.06
ABAC,9/14/10,	4.10,4.10,3.99,4.00,20400,4.00
ABAC,9/15/10,	4.00,4.10,4.00,4.00,11800,4.00
ABAC,9/16/10,	4.00,4.00,3.78,3.80,10700,3.80
ABAC,9/17/10,	4.05,4.05,3.80,3.80,5600,3.80
ABAC,9/20/10,	3.97,3.97,3.97,3.97,100,3.97
ABAC,9/21/10,	3.85,3.87,3.78,3.78,4700,3.78
ABAC,9/22/10,	3.97,3.97,3.79,3.90,4900,3.90
ABAC,9/23/10,	3.78,3.83,3.65,3.80,8200,3.80
ABAC,9/24/10,	3.76,3.95,3.68,3.76,45400,3.76
ABAC,9/27/10,	3.76,3.88,3.63,3.66,37000,3.66
ABAC,9/28/10,	3.67,3.88,3.66,3.67,13200,3.67
ABAC,9/29/10,	3.70,3.90,3.70,3.86,30600,3.86
ABAC,9/30/10,	3.87,3.95,3.86,3.95,5200,3.95
ABAC,10/1/10,	3.95,4.40,3.80,4.36,62000,4.36
ABAC,10/4/10,	4.30,4.55,4.03,4.05,34200,4.05
ABAC,10/5/10,	4.22,4.40,4.19,4.31,30200,4.31
ABAC,10/6/10,	4.29,4.29,4.26,4.26,300,4.26
ABAC,10/7/10,	4.29,4.39,4.29,4.30,13500,4.30
ABAC,10/8/10,	4.35,4.88,4.35,4.80,82100,4.80
ABAC,10/11/10,	4.66,5.48,4.66,5.48,221800,5.48
ABAC,10/12/10,	5.49,5.90,5.26,5.43,255100,5.43
ABAC,10/13/10,	5.35,5.63,5.26,5.26,104400,5.26
ABAC,10/14/10,	5.28,6.07,5.28,5.88,223000,5.88
ABAC,10/15/10,	5.98,6.37,5.74,5.96,204900,5.96
ABAC,10/18/10,	6.00,6.05,5.66,5.95,139900,5.95
ABAC,10/19/10,	5.97,6.08,5.30,5.32,127000,5.32
ABAC,10/20/10,	5.40,5.86,5.33,5.42,139300,5.42
ABAC,10/21/10,	5.68,5.84,5.34,5.34,86500,5.34
ABAC,10/22/10,	5.35,5.51,5.35,5.45,18500,5.45
ABAC,10/25/10,	5.54,5.75,5.45,5.72,69200,5.72
ABAC,10/26/10,	5.70,6.15,5.65,5.91,125500,5.91
ABAC,10/27/10,	5.91,5.91,5.61,5.79,42700,5.79
ABAC,10/28/10,	5.85,6.04,5.65,5.86,47600,5.86
ABAC,10/29/10,	5.99,5.99,5.69,5.69,27000,5.69
ABAC,11/1/10,	5.80,6.14,5.80,6.05,118800,6.05
ABAC,11/2/10,	6.15,7.44,6.10,6.95,1236500,6.95
ABAC,11/3/10,	6.99,7.25,6.80,6.90,311100,6.90
ABAC,11/4/10,	6.85,7.61,6.85,7.03,414700,7.03
ABAC,11/5/10,	7.10,8.13,6.88,7.73,589800,7.73
ABAC,11/8/10,	7.98,8.43,7.74,8.00,247000,8.00
ABAC,11/9/10,	8.20,8.36,7.20,7.23,271800,7.23
ABAC,11/10/10,	7.20,7.72,7.02,7.19,187200,7.19
ABAC,11/11/10,	7.02,7.23,6.84,7.07,139400,7.07
ABAC,11/12/10,	8.04,8.15,7.03,7.12,258600,7.12
ABAC,11/15/10,	7.15,7.28,6.72,7.13,127700,7.13
ABAC,11/16/10,	6.52,7.09,6.05,6.38,189700,6.38
ABAC,11/17/10,	6.58,6.61,6.00,6.20,138500,6.20
ABAC,11/18/10,	6.27,6.45,6.00,6.00,81100,6.00
ABAC,11/19/10,	6.00,6.02,5.71,5.78,66500,5.78
ABAC,11/22/10,	5.80,6.21,5.76,6.04,62000,6.04
ABAC,11/23/10,	5.89,6.24,5.75,6.11,36800,6.11
ABAC,11/24/10,	6.28,6.29,6.06,6.11,33300,6.11
ABAC,11/26/10,	6.10,6.10,5.92,6.10,15900,6.10
ABAC,11/29/10,	6.04,6.04,5.57,5.59,80900,5.59
ABAC,11/30/10,	5.71,5.71,5.06,5.26,131900,5.26
ABAC,12/1/10,	5.44,5.44,5.02,5.13,44300,5.13
ABAC,12/2/10,	5.12,5.12,4.66,4.81,167400,4.81
ABAC,12/3/10,	4.77,5.42,4.77,5.32,72400,5.32
ABAC,12/6/10,	5.43,5.66,5.27,5.66,42000,5.66
ABAC,12/7/10,	5.71,5.71,5.32,5.41,42000,5.41
ABAC,12/8/10,	5.54,5.54,5.05,5.09,19100,5.09
ABAC,12/9/10,	5.22,5.22,4.96,5.17,29100,5.17
ABAC,12/10/10,	5.56,5.56,5.05,5.14,39600,5.14
ABAC,12/13/10,	5.09,5.09,4.92,5.02,33600,5.02
ABAC,12/14/10,	5.14,5.23,5.00,5.01,53800,5.01
ABAC,12/15/10,	5.02,5.20,5.00,5.11,19400,5.11
ABAC,12/16/10,	5.33,5.33,5.05,5.21,55700,5.21
ABAC,12/17/10,	5.27,5.75,5.27,5.65,117200,5.65
ABAC,12/20/10,	5.89,6.10,5.61,5.93,109200,5.93
ABAC,12/21/10,	6.10,6.25,6.05,6.08,91000,6.08
ABAC,12/22/10,	6.15,6.20,5.91,5.99,60200,5.99
ABAC,12/23/10,	5.95,6.08,5.79,6.07,29300,6.07
ABAC,12/27/10,	6.09,6.09,5.73,5.98,47800,5.98
ABAC,12/28/10,	5.95,6.16,5.87,5.87,38100,5.87
ABAC,12/29/10,	5.86,6.07,5.86,6.04,34700,6.04
ABAC,12/30/10,	6.05,6.40,6.01,6.38,134000,6.38
ABAC,12/31/10,	6.35,6.43,6.23,6.25,58100,6.25
ABAC,1/3/11,	6.34,6.35,6.05,6.05,57700,6.05
ABAC,1/4/11,	6.20,6.20,5.83,5.87,67100,5.87
ABAC,1/5/11,	5.89,6.00,5.67,5.78,40300,5.78
ABAC,1/6/11,	5.81,6.00,5.80,5.81,40800,5.81
ABAC,1/7/11,	5.99,7.34,5.97,5.97,766500,5.97
ABAC,1/10/11,	6.20,6.20,5.91,5.95,98400,5.95
ABAC,1/11/11,	6.12,6.15,5.94,6.08,66400,6.08
ABAC,1/12/11,	6.15,6.15,5.95,5.99,68900,5.99
ABAC,1/13/11,	6.05,6.05,5.83,5.85,62000,5.85
ABAC,1/14/11,	5.85,5.97,5.75,5.83,70500,5.83
ABAC,1/18/11,	5.97,5.97,5.82,5.84,43400,5.84
ABAC,1/19/11,	5.88,6.14,5.75,5.78,116900,5.78
ABAC,1/20/11,	5.85,5.85,5.61,5.67,57300,5.67
ABAC,1/21/11,	5.70,5.71,5.50,5.70,59600,5.70
ABAC,1/24/11,	5.70,5.81,5.70,5.77,16200,5.77
ABAC,1/25/11,	5.77,5.77,5.52,5.75,36100,5.75
ABAC,1/26/11,	5.64,5.64,5.52,5.59,38700,5.59
ABAC,1/27/11,	5.56,5.60,5.50,5.52,23600,5.52
ABAC,1/28/11,	5.52,5.60,5.28,5.34,74500,5.34
ABAC,1/31/11,	5.30,5.30,5.02,5.11,68800,5.11
ABAC,2/1/11,	5.17,5.20,5.14,5.20,26200,5.20
ABAC,2/2/11,	5.20,5.20,5.02,5.09,37800,5.09
ABAC,2/3/11,	5.05,5.11,4.84,4.86,88900,4.86
ABAC,2/4/11,	4.89,4.89,4.40,4.48,188800,4.48
ABAC,2/7/11,	4.50,4.63,4.48,4.48,68800,4.48
ABAC,2/8/11,	4.50,4.50,4.21,4.36,117900,4.36
ABAC,2/9/11,	4.32,4.32,4.06,4.12,110400,4.12
ABAC,2/10/11,	4.05,4.15,3.98,4.07,259500,4.07
ABAC,2/11/11,	4.11,4.11,4.00,4.06,183800,4.06
ABAC,2/14/11,	4.06,4.09,3.95,3.99,208600,3.99
ABAC,2/15/11,	4.06,4.06,4.01,4.03,102500,4.03
ABAC,2/16/11,	4.02,4.10,4.02,4.07,139700,4.07
ABAC,2/17/11,	4.11,4.11,4.03,4.06,129000,4.06
ABAC,2/18/11,	4.04,4.12,4.04,4.12,69800,4.12
ABAC,2/22/11,	4.15,4.60,4.15,4.54,255800,4.54
ABAC,2/23/11,	4.61,4.97,4.61,4.76,195200,4.76
ABAC,2/24/11,	4.78,4.87,4.45,4.70,103200,4.70
ABAC,2/25/11,	4.80,4.90,4.73,4.82,58900,4.82
ABAC,2/28/11,	4.91,4.98,4.85,4.89,60100,4.89
ABAC,3/1/11,	4.99,5.00,4.73,4.79,91800,4.79
ABAC,3/2/11,	4.86,4.88,4.78,4.84,56200,4.84
ABAC,3/3/11,	4.91,4.91,4.83,4.83,22300,4.83
ABAC,3/4/11,	4.88,4.93,4.83,4.89,27100,4.89
ABAC,3/7/11,	4.91,5.25,4.88,5.25,118500,5.25
ABAC,3/8/11,	5.21,5.23,5.01,5.20,48500,5.20
ABAC,3/9/11,	5.21,5.25,5.06,5.13,32300,5.13
ABAC,3/10/11,	5.09,5.09,4.76,4.92,65200,4.92
ABAC,3/11/11,	4.88,4.99,4.83,4.90,48600,4.90
ABAC,3/14/11,	4.95,4.97,4.64,4.75,67700,4.75
ABAC,3/15/11,	4.14,4.60,4.11,4.46,113900,4.46
ABAC,3/16/11,	4.41,4.59,4.24,4.32,65400,4.32
ABAC,3/17/11,	4.25,4.88,4.25,4.88,83700,4.88
ABAC,3/18/11,	4.66,5.00,4.43,4.64,114500,4.64
ABAC,3/21/11,	4.76,4.76,4.40,4.41,24200,4.41
ABAC,3/22/11,	4.43,4.54,4.31,4.40,33000,4.40
ABAC,3/23/11,	4.48,4.49,4.25,4.30,25700,4.30
ABAC,3/24/11,	4.30,4.30,4.08,4.11,127800,4.11
ABAC,3/25/11,	4.12,4.29,4.10,4.22,46500,4.22
ABAC,3/28/11,	4.28,4.40,4.15,4.16,42000,4.16
ABAC,3/29/11,	4.20,4.25,3.90,4.05,121800,4.05
ABAC,3/30/11,	4.12,4.15,3.97,4.05,69400,4.05
ABAC,3/31/11,	4.25,4.25,4.04,4.15,42700,4.15
ABAC,4/1/11,	4.20,4.25,4.15,4.17,33900,4.17
ABAC,4/4/11,	4.24,4.24,4.04,4.12,43500,4.12
ABAC,4/5/11,	4.11,4.11,4.01,4.02,27100,4.02
ABAC,4/6/11,	4.05,4.05,3.92,4.00,62900,4.00
ABAC,4/7/11,	4.00,4.09,3.85,3.86,45900,3.86
ABAC,4/8/11,	3.85,3.90,3.70,3.71,53600,3.71
ABAC,4/11/11,	3.70,3.92,3.68,3.77,62000,3.77
ABAC,4/12/11,	3.78,3.80,3.61,3.62,65800,3.62
ABAC,4/13/11,	3.67,3.69,3.51,3.51,63400,3.51
ABAC,4/14/11,	3.43,3.53,3.34,3.50,31100,3.50
ABAC,4/15/11,	3.53,3.63,3.39,3.40,79300,3.40
ABAC,4/18/11,	3.39,3.48,3.35,3.43,16400,3.43
ABAC,4/19/11,	3.35,3.45,3.35,3.40,49500,3.40
ABAC,4/20/11,	3.40,3.52,3.35,3.38,89100,3.38
ABAC,4/21/11,	3.40,3.42,3.31,3.38,37300,3.38
ABAC,4/25/11,	3.39,3.60,3.34,3.59,35100,3.59
ABAC,4/26/11,	3.58,3.58,3.47,3.50,36500,3.50
ABAC,4/27/11,	3.55,3.55,3.36,3.42,28700,3.42
ABAC,4/28/11,	3.37,3.44,3.07,3.20,58000,3.20
ABAC,4/29/11,	3.24,3.31,3.21,3.25,44000,3.25
ABAC,5/2/11,	3.20,3.25,3.20,3.25,60600,3.25
ABAC,5/3/11,	3.23,3.25,3.17,3.18,39300,3.18
ABAC,5/4/11,	3.18,3.25,3.18,3.20,23000,3.20
ABAC,5/5/11,	3.24,3.26,3.15,3.15,38200,3.15
ABAC,5/6/11,	3.22,3.25,3.04,3.08,52000,3.08
ABAC,5/9/11,	3.08,3.09,2.53,2.87,176000,2.87
ABAC,5/10/11,	2.86,3.28,2.75,3.25,174100,3.25
ABAC,5/11/11,	3.30,3.30,2.99,3.04,86400,3.04
ABAC,5/12/11,	2.96,3.19,2.96,3.13,42000,3.13
ABAC,5/13/11,	3.20,3.20,3.00,3.01,33700,3.01
ABAC,5/16/11,	3.20,3.20,2.93,2.97,70000,2.97
ABAC,5/17/11,	2.97,3.07,2.95,2.98,14200,2.98
ABAC,5/18/11,	2.98,3.04,2.87,2.88,31400,2.88
ABAC,5/19/11,	2.84,2.84,2.65,2.68,67900,2.68
ABAC,5/20/11,	2.69,2.89,2.69,2.85,15000,2.85
ABAC,5/23/11,	2.96,2.96,2.77,2.84,19900,2.84
ABAC,5/24/11,	2.92,2.92,2.77,2.77,15000,2.77
ABAC,5/25/11,	2.79,2.84,2.77,2.79,10600,2.79
ABAC,5/26/11,	2.82,2.82,2.75,2.76,9500,2.76
ABAC,5/27/11,	2.75,2.83,2.75,2.83,5900,2.83
ABAC,5/31/11,	2.84,2.86,2.78,2.79,9500,2.79
ABAC,6/1/11,	2.76,2.77,2.74,2.74,17900,2.74
ABAC,6/2/11,	2.74,2.79,2.74,2.79,5400,2.79
ABAC,6/3/11,	2.73,2.76,2.58,2.60,11900,2.60
ABAC,6/6/11,	2.55,2.61,2.51,2.56,13500,2.56
ABAC,6/7/11,	2.57,2.59,2.33,2.47,28500,2.47
ABAC,6/8/11,	2.51,2.51,2.32,2.40,32700,2.40
ABAC,6/9/11,	2.34,2.40,2.34,2.34,16200,2.34
ABAC,6/10/11,	2.34,2.34,2.13,2.14,47300,2.14
ABAC,6/13/11,	2.10,2.17,2.02,2.04,74800,2.04
ABAC,6/14/11,	2.01,2.22,2.01,2.12,39500,2.12
ABAC,6/15/11,	2.10,2.16,2.07,2.11,28200,2.11
ABAC,6/16/11,	2.07,2.18,2.05,2.13,42000,2.13
ABAC,6/17/11,	2.19,2.25,2.05,2.07,22500,2.07
ABAC,6/20/11,	2.18,2.27,2.05,2.05,17900,2.05
ABAC,6/21/11,	2.05,2.14,2.05,2.10,40800,2.10
ABAC,6/22/11,	2.10,2.25,2.07,2.21,30400,2.21
ABAC,6/23/11,	2.18,2.49,2.18,2.44,11700,2.44
ABAC,6/24/11,	2.48,2.62,2.31,2.41,32300,2.41
ABAC,6/27/11,	2.41,2.41,2.20,2.27,26400,2.27
ABAC,6/28/11,	2.34,2.43,2.26,2.30,22200,2.30
ABAC,6/29/11,	2.40,2.40,2.28,2.36,21300,2.36
ABAC,6/30/11,	2.31,2.40,2.27,2.37,14000,2.37
ABAC,7/1/11,	2.30,2.47,2.28,2.47,26600,2.47
ABAC,7/5/11,	2.50,2.68,2.47,2.49,20100,2.49
ABAC,7/6/11,	2.45,2.49,2.32,2.44,17900,2.44
ABAC,7/7/11,	2.52,2.88,2.44,2.78,90700,2.78
ABAC,7/8/11,	2.80,2.88,2.61,2.71,20900,2.71
ABAC,7/11/11,	2.73,2.79,2.71,2.77,40200,2.77
ABAC,7/12/11,	2.72,2.78,2.57,2.72,20100,2.72
ABAC,7/13/11,	2.71,2.90,2.66,2.90,48900,2.90
ABAC,7/14/11,	2.90,2.91,2.80,2.87,26700,2.87
ABAC,7/15/11,	2.84,2.88,2.80,2.82,19200,2.82
ABAC,7/18/11,	2.82,2.84,2.65,2.66,30100,2.66
ABAC,7/19/11,	2.70,2.81,2.70,2.81,15200,2.81
ABAC,7/20/11,	2.90,2.95,2.76,2.94,26600,2.94
ABAC,7/21/11,	2.95,2.95,2.85,2.89,38200,2.89
ABAC,7/22/11,	2.86,2.94,2.84,2.84,17600,2.84
ABAC,7/25/11,	2.88,2.95,2.70,2.75,31900,2.75
ABAC,7/26/11,	2.78,2.83,2.65,2.75,5900,2.75
ABAC,7/27/11,	2.75,2.84,2.50,2.52,38100,2.52
ABAC,7/28/11,	2.56,2.70,2.53,2.53,28900,2.53
ABAC,7/29/11,	2.53,2.64,2.52,2.55,7800,2.55
ABAC,8/1/11,	2.67,2.68,2.57,2.61,8800,2.61
ABAC,8/2/11,	2.57,2.82,2.57,2.60,36100,2.60
ABAC,8/3/11,	2.57,2.64,2.53,2.56,12900,2.56
ABAC,8/4/11,	2.55,2.55,2.40,2.43,27400,2.43
ABAC,8/5/11,	2.49,2.49,2.33,2.37,13000,2.37
ABAC,8/8/11,	2.34,2.34,2.03,2.17,18400,2.17
ABAC,8/9/11,	2.22,2.29,2.10,2.15,13600,2.15
ABAC,8/10/11,	2.16,2.30,2.16,2.23,28200,2.23
ABAC,8/11/11,	2.18,2.42,2.18,2.30,12100,2.30
ABAC,8/12/11,	2.42,2.48,2.39,2.48,24200,2.48
ABAC,8/15/11,	2.50,2.56,2.38,2.56,19300,2.56
ABAC,8/16/11,	2.56,2.79,2.40,2.46,85700,2.46
ABAC,8/17/11,	2.30,2.39,2.25,2.30,11700,2.30
ABAC,8/18/11,	2.29,2.51,2.19,2.51,8600,2.51
ABAC,8/19/11,	2.33,2.46,2.24,2.34,18200,2.34
ABAC,8/22/11,	2.25,2.34,2.10,2.26,50700,2.26
ABAC,8/23/11,	2.22,2.32,2.16,2.31,29900,2.31
ABAC,8/24/11,	2.30,2.30,2.18,2.20,4800,2.20
ABAC,8/25/11,	2.23,2.30,2.10,2.19,22000,2.19
ABAC,8/26/11,	2.24,2.28,2.10,2.15,23700,2.15
ABAC,8/29/11,	2.12,2.44,2.10,2.31,26100,2.31
ABAC,8/30/11,	2.37,2.37,2.16,2.25,34600,2.25
ABAC,8/31/11,	2.35,2.35,2.25,2.34,28100,2.34
ABAC,9/1/11,	2.30,2.38,2.20,2.35,55700,2.35
ABAC,9/2/11,	2.17,2.35,2.17,2.25,44800,2.25
ABAC,9/6/11,	2.22,2.30,2.15,2.20,16000,2.20
ABAC,9/7/11,	2.24,2.35,2.10,2.15,31800,2.15
ABAC,9/8/11,	2.20,2.20,2.09,2.13,19500,2.13
ABAC,9/9/11,	2.14,2.16,2.05,2.10,22700,2.10
ABAC,9/12/11,	2.15,2.15,2.06,2.06,9900,2.06
ABAC,9/13/11,	2.17,2.19,2.01,2.06,10700,2.06
ABAC,9/14/11,	2.10,2.17,2.01,2.01,28900,2.01
ABAC,9/15/11,	2.02,2.09,1.99,2.00,98900,2.00
ABAC,9/16/11,	2.00,2.05,2.00,2.01,12200,2.01
ABAC,9/19/11,	2.02,2.03,1.88,1.99,56400,1.99
ABAC,9/20/11,	1.95,2.00,1.76,1.98,50200,1.98
ABAC,9/21/11,	1.87,1.90,1.71,1.73,75800,1.73
ABAC,9/22/11,	1.80,1.89,1.60,1.71,42500,1.71
ABAC,9/23/11,	1.68,1.79,1.65,1.76,25000,1.76
ABAC,9/26/11,	1.64,1.82,1.61,1.61,24600,1.61
ABAC,9/27/11,	1.62,1.70,1.61,1.62,19900,1.62
ABAC,9/28/11,	1.61,1.67,1.33,1.45,39200,1.45
ABAC,9/29/11,	1.46,1.46,1.31,1.32,27000,1.32
ABAC,9/30/11,	1.30,1.41,1.22,1.35,19400,1.35
ABAC,10/3/11,	1.37,1.49,1.35,1.41,18500,1.41
ABAC,10/4/11,	1.40,1.52,1.40,1.50,24500,1.50
ABAC,10/5/11,	1.46,1.74,1.42,1.60,21100,1.60
ABAC,10/6/11,	1.62,1.86,1.62,1.76,45200,1.76
ABAC,10/7/11,	1.89,1.89,1.76,1.83,11300,1.83
ABAC,10/10/11,	1.86,1.89,1.81,1.85,12300,1.85
ABAC,10/11/11,	1.80,1.80,1.78,1.78,7700,1.78
ABAC,10/12/11,	1.76,1.84,1.65,1.76,19900,1.76
ABAC,10/13/11,	1.73,1.79,1.71,1.71,7200,1.71
ABAC,10/14/11,	1.74,1.74,1.65,1.68,8100,1.68
ABAC,10/17/11,	1.69,1.69,1.54,1.63,19100,1.63
ABAC,10/18/11,	1.59,1.64,1.53,1.55,6400,1.55
ABAC,10/19/11,	1.55,1.63,1.37,1.45,26800,1.45
ABAC,10/20/11,	1.38,1.45,1.33,1.33,28700,1.33
ABAC,10/21/11,	1.36,1.45,1.36,1.38,22900,1.38
ABAC,10/24/11,	1.35,1.44,1.32,1.40,26100,1.40
ABAC,10/25/11,	1.37,1.44,1.32,1.35,37400,1.35
ABAC,10/26/11,	1.36,1.49,1.27,1.49,26800,1.49
ABAC,10/27/11,	1.52,1.75,1.47,1.72,58300,1.72
ABAC,10/28/11,	1.85,1.85,1.59,1.81,73400,1.81
ABAC,10/31/11,	1.83,1.86,1.68,1.80,35100,1.80
ABAC,11/1/11,	1.68,1.84,1.67,1.82,60900,1.82
ABAC,11/2/11,	1.83,2.00,1.83,1.98,59600,1.98
ABAC,11/3/11,	2.00,2.04,1.95,2.00,8400,2.00
ABAC,11/4/11,	1.86,2.10,1.84,2.05,11800,2.05
ABAC,11/7/11,	2.06,2.10,1.91,2.10,8400,2.10
ABAC,11/8/11,	1.97,2.19,1.94,2.19,6300,2.19
ABAC,11/9/11,	2.11,2.30,2.01,2.28,20800,2.28
ABAC,11/10/11,	2.29,2.30,2.23,2.30,6500,2.30
ABAC,11/11/11,	2.36,2.39,2.15,2.29,17800,2.29
ABAC,11/14/11,	2.29,2.38,2.03,2.13,110000,2.13
ABAC,11/15/11,	2.15,2.15,1.91,1.96,35500,1.96
ABAC,11/16/11,	1.91,2.04,1.90,1.99,52400,1.99
ABAC,11/17/11,	1.90,1.98,1.90,1.97,9200,1.97
ABAC,11/18/11,	1.90,1.95,1.75,1.78,38800,1.78
ABAC,11/21/11,	1.75,1.94,1.75,1.94,9200,1.94
ABAC,11/22/11,	1.78,1.98,1.78,1.98,58000,1.98
ABAC,11/23/11,	1.81,1.94,1.78,1.84,18800,1.84
ABAC,11/25/11,	1.84,1.92,1.75,1.84,4500,1.84
ABAC,11/28/11,	1.83,1.90,1.80,1.88,3400,1.88
ABAC,11/29/11,	1.70,1.75,1.65,1.70,10900,1.70
ABAC,11/30/11,	1.65,1.70,1.62,1.66,28000,1.66
ABAC,12/1/11,	1.63,1.68,1.55,1.55,11800,1.55
ABAC,12/2/11,	1.62,1.68,1.57,1.59,14300,1.59
ABAC,12/5/11,	1.61,1.66,1.60,1.61,3700,1.61
ABAC,12/6/11,	1.60,1.60,1.47,1.50,7600,1.50
ABAC,12/7/11,	1.51,1.56,1.45,1.46,27600,1.46
ABAC,12/8/11,	1.41,1.51,1.41,1.51,4400,1.51
ABAC,12/9/11,	1.52,1.54,1.48,1.48,5600,1.48
ABAC,12/12/11,	1.48,1.52,1.48,1.52,2600,1.52
ABAC,12/13/11,	1.43,1.54,1.39,1.39,12100,1.39
ABAC,12/14/11,	1.38,1.50,1.35,1.35,15200,1.35
ABAC,12/15/11,	1.35,1.54,1.35,1.35,19100,1.35
ABAC,12/16/11,	1.48,1.49,1.35,1.35,11800,1.35
ABAC,12/19/11,	1.35,1.41,1.26,1.26,24500,1.26
ABAC,12/20/11,	1.30,1.34,1.25,1.26,8600,1.26
ABAC,12/21/11,	1.30,1.40,1.27,1.40,46400,1.40
ABAC,12/22/11,	1.40,1.47,1.40,1.44,2500,1.44
ABAC,12/23/11,	1.47,1.47,1.35,1.35,12900,1.35
ABAC,12/27/11,	1.34,1.43,1.26,1.43,38700,1.43
ABAC,12/28/11,	1.38,1.40,1.35,1.40,21200,1.40
ABAC,12/29/11,	1.36,1.36,1.29,1.30,11100,1.30
ABAC,12/30/11,	1.30,1.31,1.23,1.26,59200,1.26
ABAC,1/3/12,	1.23,1.45,1.23,1.28,9500,1.28
ABAC,1/4/12,	1.32,1.36,1.29,1.33,13200,1.33
ABAC,1/5/12,	1.40,1.41,1.31,1.40,1500,1.40
ABAC,1/6/12,	1.40,1.40,1.35,1.35,2700,1.35
ABAC,1/9/12,	1.34,1.39,1.33,1.33,1800,1.33
ABAC,1/10/12,	1.38,1.40,1.37,1.40,36600,1.40
ABAC,1/11/12,	1.40,1.60,1.40,1.56,17800,1.56
ABAC,1/12/12,	1.60,1.68,1.59,1.66,57000,1.66
ABAC,1/13/12,	1.68,1.70,1.65,1.70,17100,1.70
ABAC,1/17/12,	1.71,1.71,1.60,1.68,6900,1.68
ABAC,1/18/12,	1.68,1.70,1.51,1.60,17900,1.60
ABAC,1/19/12,	1.59,1.74,1.59,1.68,61200,1.68
ABAC,1/20/12,	1.73,1.77,1.67,1.72,22800,1.72
ABAC,1/23/12,	1.76,1.80,1.61,1.68,29200,1.68
ABAC,1/24/12,	1.66,1.69,1.62,1.62,23500,1.62
ABAC,1/25/12,	1.60,1.71,1.58,1.60,30400,1.60
ABAC,1/26/12,	1.60,1.74,1.60,1.62,7300,1.62
ABAC,1/27/12,	1.65,1.65,1.58,1.58,32900,1.58
ABAC,1/30/12,	1.58,1.60,1.58,1.58,18500,1.58
ABAC,1/31/12,	1.62,1.62,1.56,1.60,5200,1.60
ABAC,2/1/12,	1.56,1.70,1.56,1.60,12500,1.60
ABAC,2/2/12,	1.61,1.69,1.60,1.60,8900,1.60
ABAC,2/3/12,	1.61,1.65,1.56,1.57,20100,1.57
ABAC,2/6/12,	1.56,1.64,1.55,1.64,14500,1.64
ABAC,2/7/12,	1.60,1.60,1.55,1.55,15400,1.55
ABAC,2/8/12,	1.60,1.64,1.55,1.60,46600,1.60
ABAC,2/9/12,	1.58,1.69,1.58,1.61,60500,1.61
ABAC,2/10/12,	1.60,1.61,1.55,1.55,73900,1.55
ABAC,2/13/12,	1.66,1.66,1.58,1.59,15300,1.59
ABAC,2/14/12,	1.60,1.68,1.58,1.58,30300,1.58
ABAC,2/15/12,	1.59,1.60,1.58,1.58,48400,1.58
ABAC,2/16/12,	1.58,1.66,1.58,1.65,27600,1.65
ABAC,2/17/12,	1.60,1.68,1.60,1.68,7200,1.68
ABAC,2/21/12,	1.70,1.70,1.60,1.60,17000,1.60
ABAC,2/22/12,	1.62,1.65,1.58,1.60,8700,1.60
ABAC,2/23/12,	1.60,1.68,1.58,1.58,11800,1.58
ABAC,2/24/12,	1.60,1.68,1.60,1.64,17400,1.64
ABAC,2/27/12,	1.63,1.74,1.60,1.67,13600,1.67
ABAC,2/28/12,	1.71,1.73,1.68,1.73,12000,1.73
ABAC,2/29/12,	1.70,1.70,1.64,1.64,12200,1.64
ABAC,3/1/12,	1.63,1.68,1.63,1.63,14500,1.63
ABAC,3/2/12,	1.65,1.79,1.62,1.70,14200,1.70
ABAC,3/5/12,	1.75,1.75,1.61,1.61,24400,1.61
ABAC,3/6/12,	1.62,1.67,1.58,1.58,7900,1.58
ABAC,3/7/12,	1.59,1.60,1.50,1.50,18900,1.50
ABAC,3/8/12,	1.55,1.69,1.51,1.54,31300,1.54
ABAC,3/9/12,	1.54,1.73,1.54,1.63,78500,1.63
ABAC,3/12/12,	1.69,1.75,1.61,1.75,27700,1.75
ABAC,3/13/12,	1.65,1.69,1.51,1.59,39000,1.59
ABAC,3/14/12,	1.59,1.69,1.59,1.66,34100,1.66
ABAC,3/15/12,	1.70,1.74,1.66,1.66,34700,1.66
ABAC,3/16/12,	1.69,1.90,1.69,1.75,46400,1.75
ABAC,3/19/12,	1.65,1.74,1.62,1.63,5100,1.63
ABAC,3/20/12,	1.67,1.70,1.62,1.62,2700,1.62
ABAC,3/21/12,	1.69,1.69,1.63,1.63,5900,1.63
ABAC,3/22/12,	1.68,1.70,1.68,1.69,11300,1.69
ABAC,3/23/12,	1.69,1.72,1.62,1.72,17900,1.72
ABAC,3/26/12,	1.68,1.70,1.62,1.63,13100,1.63
ABAC,3/27/12,	1.64,1.77,1.63,1.73,19500,1.73
ABAC,3/28/12,	1.71,1.71,1.63,1.64,4600,1.64
ABAC,3/29/12,	1.65,1.69,1.62,1.62,19900,1.62
ABAC,3/30/12,	1.63,1.70,1.62,1.63,8700,1.63
ABAC,4/2/12,	1.64,1.67,1.60,1.62,20500,1.62
ABAC,4/3/12,	1.60,1.69,1.60,1.68,39200,1.68
ABAC,4/4/12,	1.61,1.68,1.61,1.64,3600,1.64
ABAC,4/5/12,	1.61,1.67,1.61,1.65,11300,1.65
ABAC,4/9/12,	1.67,1.67,1.60,1.66,4900,1.66
ABAC,4/10/12,	1.62,1.65,1.61,1.62,10700,1.62
ABAC,4/11/12,	1.63,1.67,1.63,1.66,4900,1.66
ABAC,4/12/12,	1.64,1.72,1.62,1.65,21800,1.65
ABAC,4/13/12,	1.65,1.71,1.65,1.65,2000,1.65
ABAC,4/16/12,	1.70,1.73,1.65,1.72,71200,1.72
ABAC,4/17/12,	1.71,1.89,1.71,1.78,80500,1.78
ABAC,4/18/12,	1.83,2.11,1.80,2.10,88800,2.10
ABAC,4/19/12,	2.15,2.58,2.13,2.20,268900,2.20
ABAC,4/20/12,	2.17,2.17,1.91,1.96,81300,1.96
ABAC,4/23/12,	1.91,2.00,1.90,1.96,21300,1.96
ABAC,4/24/12,	1.91,1.95,1.82,1.82,61100,1.82
ABAC,4/25/12,	1.85,2.00,1.84,1.98,16600,1.98
ABAC,4/26/12,	2.00,2.01,1.88,1.90,16600,1.90
ABAC,4/27/12,	1.91,1.91,1.77,1.86,13000,1.86
ABAC,4/30/12,	1.80,1.86,1.70,1.81,20500,1.81
ABAC,5/1/12,	1.79,1.79,1.65,1.72,79000,1.72
ABAC,5/2/12,	1.71,1.71,1.63,1.63,23000,1.63
ABAC,5/3/12,	1.63,1.80,1.62,1.65,36600,1.65
ABAC,5/4/12,	1.63,1.69,1.63,1.63,12600,1.63
ABAC,5/7/12,	1.63,1.78,1.63,1.76,5700,1.76
ABAC,5/8/12,	1.68,1.78,1.63,1.67,14000,1.67
ABAC,5/9/12,	1.65,1.73,1.64,1.64,11300,1.64
ABAC,5/10/12,	1.64,1.73,1.63,1.63,4200,1.63
ABAC,5/11/12,	1.62,1.70,1.52,1.53,52000,1.53
ABAC,5/14/12,	1.56,1.61,1.55,1.55,13000,1.55
ABAC,5/15/12,	1.51,1.51,1.29,1.43,56300,1.43
ABAC,5/16/12,	1.38,1.40,1.32,1.32,14000,1.32
ABAC,5/17/12,	1.32,1.42,1.31,1.42,4400,1.42
ABAC,5/18/12,	1.36,1.44,1.36,1.44,8700,1.44
ABAC,5/21/12,	1.45,1.47,1.26,1.31,36300,1.31
ABAC,5/22/12,	1.26,1.36,1.26,1.31,3000,1.31
ABAC,5/23/12,	1.38,1.39,1.37,1.39,3000,1.39
ABAC,5/24/12,	1.47,1.58,1.30,1.52,21900,1.52
ABAC,5/25/12,	1.50,1.52,1.47,1.52,7500,1.52
ABAC,5/29/12,	1.48,1.50,1.40,1.50,6700,1.50
ABAC,5/30/12,	1.43,1.53,1.37,1.45,12000,1.45
ABAC,5/31/12,	1.49,1.50,1.45,1.45,1300,1.45
ABAC,6/1/12,	1.42,1.50,1.42,1.44,14900,1.44
ABAC,6/4/12,	1.34,1.40,1.34,1.38,4500,1.38
ABAC,6/5/12,	1.39,1.39,1.35,1.35,14300,1.35
ABAC,6/6/12,	1.38,1.44,1.35,1.40,8200,1.40
ABAC,6/7/12,	1.52,1.52,1.35,1.36,1900,1.36
ABAC,6/8/12,	1.35,1.50,1.31,1.33,4400,1.33
ABAC,6/11/12,	1.51,1.51,1.42,1.46,800,1.46
ABAC,6/12/12,	1.37,1.38,1.35,1.35,3600,1.35
ABAC,6/13/12,	1.47,1.47,1.32,1.44,5200,1.44
ABAC,6/14/12,	1.44,1.46,1.40,1.40,5700,1.40
ABAC,6/15/12,	1.34,1.50,1.25,1.36,21300,1.36
ABAC,6/18/12,	1.36,1.47,1.36,1.42,12900,1.42
ABAC,6/19/12,	1.48,1.48,1.21,1.21,116600,1.21
ABAC,6/20/12,	1.25,1.36,1.21,1.21,45700,1.21
ABAC,6/21/12,	1.23,1.33,1.15,1.15,56500,1.15
ABAC,6/22/12,	1.20,1.23,1.05,1.15,35800,1.15
ABAC,6/25/12,	1.15,1.20,1.07,1.07,17500,1.07
ABAC,6/26/12,	1.11,1.14,1.07,1.14,34600,1.14
ABAC,6/27/12,	1.17,1.17,1.14,1.14,12200,1.14
ABAC,6/28/12,	1.14,1.19,1.14,1.15,8500,1.15
ABAC,6/29/12,	1.23,1.23,1.18,1.21,19800,1.21
ABAC,7/2/12,	1.21,1.22,1.18,1.20,8200,1.20
ABAC,7/3/12,	1.22,1.22,1.20,1.21,2500,1.21
ABAC,7/5/12,	1.19,1.22,1.17,1.18,4800,1.18
ABAC,7/6/12,	1.17,1.21,1.17,1.18,3300,1.18
ABAC,7/9/12,	1.17,1.17,1.17,1.17,4600,1.17
ABAC,7/10/12,	1.16,1.23,1.12,1.12,17800,1.12
ABAC,7/11/12,	1.13,1.18,1.12,1.18,7300,1.18
ABAC,7/12/12,	1.18,1.18,1.18,1.18,000,1.18
ABAC,7/13/12,	1.19,1.19,1.15,1.19,2000,1.19
ABAC,7/16/12,	1.13,1.18,1.13,1.15,3200,1.15
ABAC,7/17/12,	1.15,1.18,1.13,1.13,14500,1.13
ABAC,7/18/12,	1.13,1.17,1.13,1.15,700,1.15
ABAC,7/19/12,	1.13,1.17,1.08,1.08,24800,1.08
ABAC,7/20/12,	1.13,1.14,1.11,1.11,8700,1.11
ABAC,7/23/12,	1.12,1.14,1.12,1.13,5300,1.13
ABAC,7/24/12,	1.14,1.14,1.10,1.14,6400,1.14
ABAC,7/25/12,	1.11,1.14,1.11,1.11,1200,1.11
ABAC,7/26/12,	1.14,1.14,1.05,1.10,16900,1.10
ABAC,7/27/12,	1.06,1.10,1.00,1.00,13300,1.00
ABAC,7/30/12,	1.00,1.07,1.00,1.01,14900,1.01
ABAC,7/31/12,	1.04,1.04,0.74,0.84,18500,0.84
ABAC,8/1/12,	0.93,0.93,0.76,0.76,43700,0.76
ABAC,8/2/12,	0.80,0.93,0.78,0.80,28300,0.80
ABAC,8/3/12,	0.85,0.92,0.84,0.92,54300,0.92
ABAC,8/6/12,	0.95,0.95,0.85,0.85,7000,0.85
ABAC,8/7/12,	0.90,0.95,0.90,0.92,11300,0.92
ABAC,8/8/12,	0.95,0.97,0.90,0.92,23400,0.92
ABAC,8/9/12,	0.96,1.09,0.96,1.00,50200,1.00
ABAC,8/10/12,	1.00,1.00,0.96,1.00,20900,1.00
ABAC,8/13/12,	1.00,1.00,0.92,0.95,11700,0.95
ABAC,8/14/12,	1.04,1.04,0.94,0.94,10200,0.94
ABAC,8/15/12,	0.99,1.00,0.92,0.95,11800,0.95
ABAC,8/16/12,	1.00,1.00,0.95,1.00,10600,1.00
ABAC,8/17/12,	1.00,1.10,1.00,1.05,31300,1.05
ABAC,8/20/12,	1.05,1.17,1.05,1.17,22600,1.17
ABAC,8/21/12,	1.17,1.20,1.14,1.14,900,1.14
ABAC,8/22/12,	1.19,1.20,1.13,1.20,7300,1.20
ABAC,8/23/12,	1.15,1.20,1.13,1.20,6400,1.20
ABAC,8/24/12,	1.13,1.22,0.92,1.06,25200,1.06
ABAC,8/27/12,	1.12,1.12,1.03,1.03,1200,1.03
ABAC,8/28/12,	1.12,1.13,1.08,1.08,1300,1.08
ABAC,8/29/12,	1.06,1.13,1.06,1.12,1100,1.12
ABAC,8/30/12,	1.12,1.15,1.12,1.13,4600,1.13
ABAC,8/31/12,	1.18,1.19,1.04,1.04,4100,1.04
ABAC,9/4/12,	1.08,1.10,1.08,1.10,13100,1.10
ABAC,9/5/12,	1.10,1.20,1.10,1.20,23700,1.20
ABAC,9/6/12,	1.19,1.23,1.07,1.20,27200,1.20
ABAC,9/7/12,	1.20,1.22,1.12,1.19,800,1.19
ABAC,9/10/12,	1.18,1.18,1.09,1.18,5200,1.18
ABAC,9/11/12,	1.13,1.18,1.13,1.14,12100,1.14
ABAC,9/12/12,	1.14,1.14,1.11,1.11,3700,1.11
ABAC,9/13/12,	1.08,1.08,1.04,1.04,500,1.04
ABAC,9/14/12,	1.01,1.20,1.00,1.20,36200,1.20
ABAC,9/17/12,	1.20,1.20,1.14,1.19,33600,1.19
ABAC,9/18/12,	1.15,1.22,1.12,1.22,10500,1.22
ABAC,9/19/12,	1.18,1.35,1.18,1.35,39100,1.35
ABAC,9/20/12,	1.23,1.31,1.08,1.20,15300,1.20
ABAC,9/21/12,	1.21,1.30,1.11,1.29,8200,1.29
ABAC,9/24/12,	1.20,1.29,1.13,1.17,16300,1.17
ABAC,9/25/12,	1.23,1.30,1.14,1.30,16200,1.30
ABAC,9/26/12,	1.30,1.50,1.15,1.32,25300,1.32
ABAC,9/27/12,	1.27,1.45,1.26,1.45,21900,1.45
ABAC,9/28/12,	1.40,1.48,1.40,1.48,22000,1.48
ABAC,10/1/12,	1.50,1.66,1.47,1.66,45500,1.66
ABAC,10/2/12,	1.57,1.58,1.52,1.54,5400,1.54
ABAC,10/3/12,	1.55,1.58,1.52,1.58,2100,1.58
ABAC,10/4/12,	1.60,1.60,1.23,1.51,16100,1.51
ABAC,10/5/12,	1.47,1.51,1.46,1.46,3900,1.46
ABAC,10/8/12,	1.44,1.57,1.42,1.57,7300,1.57
ABAC,10/9/12,	1.43,1.49,1.43,1.49,700,1.49
ABAC,10/10/12,	1.38,1.38,1.36,1.36,300,1.36
ABAC,10/11/12,	1.36,1.48,1.35,1.48,1300,1.48
ABAC,10/12/12,	1.42,1.53,1.42,1.50,6500,1.50
ABAC,10/15/12,	1.21,1.41,1.19,1.35,19000,1.35
ABAC,10/16/12,	1.30,1.39,1.30,1.32,2000,1.32
ABAC,10/17/12,	1.27,1.38,1.27,1.38,4600,1.38
ABAC,10/18/12,	1.29,1.38,1.29,1.36,4300,1.36
ABAC,10/19/12,	1.39,1.39,1.31,1.38,7100,1.38
ABAC,10/22/12,	1.28,1.55,1.28,1.55,10400,1.55
ABAC,10/23/12,	1.54,1.54,1.42,1.42,2400,1.42
ABAC,10/24/12,	1.36,1.37,1.33,1.37,11100,1.37
ABAC,10/25/12,	1.30,1.37,1.28,1.30,11000,1.30
ABAC,10/26/12,	1.26,1.37,1.25,1.27,5900,1.27
ABAC,10/31/12,	1.20,1.37,1.20,1.22,8000,1.22
ABAC,11/1/12,	1.20,1.36,1.20,1.28,4600,1.28
ABAC,11/2/12,	1.20,1.22,1.18,1.22,17200,1.22
ABAC,11/5/12,	1.18,1.26,1.17,1.24,8200,1.24
ABAC,11/6/12,	1.17,1.26,1.17,1.24,5800,1.24
ABAC,11/7/12,	1.13,1.25,1.07,1.07,10900,1.07
ABAC,11/8/12,	1.07,1.20,1.02,1.05,9800,1.05
ABAC,11/9/12,	1.00,1.00,0.95,0.99,9100,0.99
ABAC,11/12/12,	0.92,1.00,0.92,0.95,10400,0.95
ABAC,11/13/12,	0.90,0.98,0.90,0.97,17800,0.97
ABAC,11/14/12,	0.89,0.99,0.83,0.85,31000,0.85
ABAC,11/15/12,	0.83,0.83,0.79,0.79,7300,0.79
ABAC,11/16/12,	0.80,0.83,0.78,0.78,10900,0.78
ABAC,11/19/12,	0.83,0.86,0.78,0.78,11700,0.78
ABAC,11/20/12,	0.73,0.92,0.73,0.83,6800,0.83
ABAC,11/21/12,	0.83,0.83,0.80,0.81,5500,0.81
ABAC,11/23/12,	0.77,0.83,0.76,0.80,12500,0.80
ABAC,11/26/12,	0.80,0.92,0.78,0.86,58100,0.86
ABAC,11/27/12,	0.80,0.91,0.80,0.85,26700,0.85
ABAC,11/28/12,	0.87,0.87,0.80,0.85,9100,0.85
ABAC,11/29/12,	0.92,0.92,0.80,0.81,14400,0.81
ABAC,11/30/12,	0.79,0.91,0.79,0.85,7800,0.85
ABAC,12/3/12,	0.87,0.89,0.81,0.82,16000,0.82
ABAC,12/4/12,	0.89,0.89,0.86,0.88,3200,0.88
ABAC,12/5/12,	0.86,0.93,0.86,0.93,5400,0.93
ABAC,12/6/12,	0.93,0.93,0.90,0.91,7600,0.91
ABAC,12/7/12,	0.91,0.98,0.91,0.96,2700,0.96
ABAC,12/10/12,	0.92,0.97,0.90,0.96,22800,0.96
ABAC,12/11/12,	0.93,0.97,0.85,0.85,8700,0.85
ABAC,12/12/12,	0.97,0.98,0.86,0.86,1900,0.86
ABAC,12/13/12,	0.95,0.97,0.88,0.90,7700,0.90
ABAC,12/14/12,	0.92,0.92,0.92,0.92,500,0.92
ABAC,12/17/12,	0.87,1.00,0.87,0.95,22400,0.95
ABAC,12/18/12,	1.00,1.08,0.91,1.00,12900,1.00
ABAC,12/19/12,	1.08,1.09,0.92,0.93,12400,0.93
ABAC,12/20/12,	0.89,0.94,0.87,0.87,14900,0.87
ABAC,12/21/12,	0.85,0.92,0.85,0.88,6000,0.88
ABAC,12/24/12,	1.09,1.09,0.91,1.00,11600,1.00
ABAC,12/26/12,	0.94,0.94,0.90,0.92,5400,0.92
ABAC,12/27/12,	0.95,0.98,0.85,0.86,7700,0.86
ABAC,12/28/12,	0.88,0.93,0.86,0.86,2700,0.86
ABAC,12/31/12,	0.86,0.90,0.81,0.85,22400,0.85
ABAC,1/2/13,	0.88,0.98,0.88,0.96,12300,0.96
ABAC,1/3/13,	0.98,0.98,0.84,0.96,6500,0.96
ABAC,1/4/13,	0.90,0.94,0.89,0.94,9300,0.94
ABAC,1/7/13,	0.94,0.94,0.93,0.93,1100,0.93
ABAC,1/8/13,	0.85,0.97,0.85,0.97,8400,0.97
ABAC,1/9/13,	0.98,0.98,0.88,0.88,5500,0.88
ABAC,1/10/13,	0.96,0.96,0.82,0.87,5000,0.87
ABAC,1/11/13,	0.94,0.95,0.93,0.95,4200,0.95
ABAC,1/14/13,	0.87,0.90,0.87,0.90,8700,0.90
ABAC,1/15/13,	0.90,0.95,0.90,0.95,2200,0.95
ABAC,1/16/13,	0.95,0.95,0.95,0.95,000,0.95
ABAC,1/17/13,	0.90,0.95,0.90,0.95,4300,0.95
ABAC,1/18/13,	0.89,0.89,0.89,0.89,100,0.89
ABAC,1/22/13,	0.89,0.89,0.89,0.89,000,0.89
ABAC,1/23/13,	0.88,0.91,0.85,0.91,8100,0.91
ABAC,1/24/13,	0.85,0.92,0.85,0.88,5400,0.88
ABAC,1/25/13,	0.90,0.90,0.88,0.88,4000,0.88
ABAC,1/28/13,	0.96,0.96,0.88,0.89,10900,0.89
ABAC,1/29/13,	0.95,0.95,0.88,0.93,4800,0.93
ABAC,1/30/13,	0.95,0.95,0.88,0.88,3600,0.88
ABAC,1/31/13,	0.87,0.92,0.85,0.89,30400,0.89
ABAC,2/1/13,	0.94,0.95,0.89,0.95,4100,0.95
ABAC,2/4/13,	0.83,0.95,0.83,0.90,900,0.90
ABAC,2/5/13,	0.87,0.92,0.85,0.85,13100,0.85
ABAC,2/6/13,	0.87,0.91,0.86,0.90,1800,0.90
ABAC,2/7/13,	0.90,0.90,0.85,0.85,3900,0.85
ABAC,2/8/13,	0.91,0.91,0.83,0.84,8500,0.84
ABAC,2/11/13,	0.91,0.93,0.91,0.92,16500,0.92
ABAC,2/12/13,	0.85,0.91,0.85,0.90,8900,0.90
ABAC,2/13/13,	0.86,0.89,0.86,0.89,1300,0.89
ABAC,2/14/13,	0.92,0.92,0.86,0.92,6600,0.92
ABAC,2/15/13,	0.85,0.88,0.83,0.85,4900,0.85
ABAC,2/19/13,	0.85,0.92,0.85,0.86,6200,0.86
ABAC,2/20/13,	0.86,0.86,0.86,0.86,000,0.86
ABAC,2/21/13,	0.91,0.91,0.88,0.88,1900,0.88
ABAC,2/22/13,	0.92,0.92,0.86,0.92,6300,0.92
ABAC,2/25/13,	0.86,0.90,0.85,0.90,1800,0.90
ABAC,2/26/13,	0.85,0.85,0.85,0.85,500,0.85
ABAC,2/27/13,	0.85,0.87,0.85,0.87,7700,0.87
ABAC,2/28/13,	0.85,0.91,0.82,0.82,25900,0.82
ABAC,3/1/13,	0.90,0.90,0.83,0.84,2900,0.84
ABAC,3/4/13,	0.88,0.88,0.85,0.88,2100,0.88
ABAC,3/5/13,	0.87,0.87,0.81,0.84,11100,0.84
ABAC,3/6/13,	0.82,0.83,0.80,0.80,15200,0.80
ABAC,3/7/13,	0.80,0.84,0.77,0.80,23300,0.80
ABAC,3/8/13,	0.80,0.84,0.77,0.80,5600,0.80
ABAC,3/11/13,	0.80,0.81,0.76,0.76,19800,0.76
ABAC,3/12/13,	0.77,0.77,0.67,0.73,40100,0.73
ABAC,3/13/13,	0.75,0.75,0.70,0.70,3100,0.70
ABAC,3/14/13,	0.70,0.75,0.70,0.72,9800,0.72
ABAC,3/15/13,	0.72,0.78,0.71,0.78,19200,0.78
ABAC,3/18/13,	0.71,0.76,0.70,0.70,32000,0.70
ABAC,3/19/13,	0.70,0.80,0.70,0.80,18600,0.80
ABAC,3/20/13,	0.71,0.79,0.70,0.78,5000,0.78
ABAC,3/21/13,	0.70,0.77,0.70,0.70,12100,0.70
ABAC,3/22/13,	0.70,0.73,0.70,0.72,22100,0.72
ABAC,3/25/13,	0.67,0.72,0.67,0.70,9900,0.70
ABAC,3/26/13,	0.68,0.72,0.68,0.69,21000,0.69
ABAC,3/27/13,	0.69,0.71,0.67,0.67,9400,0.67
ABAC,3/28/13,	0.71,0.73,0.71,0.73,6700,0.73
ABAC,4/1/13,	0.67,0.72,0.67,0.70,11400,0.70
ABAC,4/2/13,	0.73,0.76,0.70,0.73,18600,0.73
ABAC,4/3/13,	0.70,0.75,0.70,0.75,7700,0.75
ABAC,4/4/13,	0.75,0.75,0.75,0.75,000,0.75
ABAC,4/5/13,	0.70,0.72,0.70,0.72,1600,0.72
ABAC,4/8/13,	0.71,0.75,0.71,0.74,12800,0.74
ABAC,4/9/13,	0.68,0.72,0.67,0.70,23300,0.70
ABAC,4/10/13,	0.75,0.94,0.73,0.85,88200,0.85
ABAC,4/11/13,	0.79,0.85,0.79,0.83,39100,0.83
ABAC,4/12/13,	0.79,0.94,0.79,0.92,73000,0.92
ABAC,4/15/13,	0.99,1.00,0.80,0.81,112100,0.81
ABAC,4/16/13,	0.87,0.87,0.82,0.85,57400,0.85
ABAC,4/17/13,	0.80,0.84,0.80,0.80,13800,0.80
ABAC,4/18/13,	0.83,0.84,0.80,0.80,48200,0.80
ABAC,4/19/13,	0.78,0.83,0.78,0.80,42400,0.80
ABAC,4/22/13,	0.75,0.80,0.70,0.70,86400,0.70
ABAC,4/23/13,	0.70,0.73,0.70,0.73,12400,0.73
ABAC,4/24/13,	0.70,0.73,0.70,0.70,14900,0.70
ABAC,4/25/13,	0.73,0.74,0.70,0.70,11900,0.70
ABAC,4/26/13,	0.70,0.73,0.70,0.70,7900,0.70
ABAC,4/29/13,	0.70,0.72,0.70,0.72,21500,0.72
ABAC,4/30/13,	0.73,0.74,0.70,0.70,7100,0.70
ABAC,5/1/13,	0.70,0.73,0.68,0.70,20600,0.70
ABAC,5/2/13,	0.69,0.69,0.68,0.69,42700,0.69
ABAC,5/3/13,	0.71,0.71,0.68,0.70,8900,0.70
ABAC,5/6/13,	0.71,0.74,0.70,0.73,10500,0.73
ABAC,5/7/13,	0.70,0.72,0.70,0.70,4600,0.70
ABAC,5/8/13,	0.69,0.72,0.69,0.72,11400,0.72
ABAC,5/9/13,	0.70,0.73,0.68,0.69,8100,0.69
ABAC,5/10/13,	0.68,0.72,0.68,0.72,10400,0.72
ABAC,5/13/13,	0.71,0.73,0.68,0.72,6700,0.72
ABAC,5/14/13,	0.70,0.72,0.68,0.69,21300,0.69
ABAC,5/15/13,	0.69,0.72,0.68,0.70,21200,0.70
ABAC,5/16/13,	0.70,0.70,0.68,0.70,26900,0.70
ABAC,5/17/13,	0.70,0.74,0.70,0.74,23300,0.74
ABAC,5/20/13,	0.68,0.74,0.68,0.71,19000,0.71
ABAC,5/21/13,	0.70,0.70,0.68,0.70,21200,0.70
ABAC,5/22/13,	0.71,0.73,0.68,0.69,25400,0.69
ABAC,5/23/13,	0.68,0.72,0.66,0.70,16000,0.70
ABAC,5/24/13,	0.72,0.72,0.67,0.67,19900,0.67
ABAC,5/28/13,	0.64,0.70,0.55,0.61,77800,0.61
ABAC,5/29/13,	0.65,0.68,0.57,0.63,49200,0.63
ABAC,5/30/13,	0.60,0.66,0.60,0.64,4200,0.64
ABAC,5/31/13,	0.61,0.65,0.58,0.64,33400,0.64
ABAC,6/3/13,	0.60,0.63,0.56,0.59,54800,0.59
ABAC,6/4/13,	0.61,0.62,0.57,0.60,40100,0.60
ABAC,6/5/13,	0.57,0.64,0.55,0.57,36500,0.57
ABAC,6/6/13,	0.60,0.60,0.55,0.56,48000,0.56
ABAC,6/7/13,	0.57,0.57,0.55,0.55,56700,0.55
ABAC,6/10/13,	0.57,0.57,0.57,0.57,6100,0.57
ABAC,6/11/13,	0.57,0.59,0.55,0.55,14100,0.55
ABAC,6/12/13,	0.55,0.57,0.55,0.55,1300,0.55
ABAC,6/13/13,	0.55,0.58,0.55,0.57,35200,0.57
ABAC,6/14/13,	0.59,0.59,0.59,0.59,5000,0.59
ABAC,6/17/13,	0.55,0.77,0.55,0.77,133200,0.77
ABAC,6/18/13,	0.75,0.75,0.66,0.72,65000,0.72
ABAC,6/19/13,	0.72,0.77,0.67,0.70,56900,0.70
ABAC,6/20/13,	0.63,0.71,0.60,0.62,51600,0.62
ABAC,6/21/13,	0.65,0.65,0.60,0.63,41100,0.63
ABAC,6/24/13,	0.60,0.60,0.55,0.55,55900,0.55
ABAC,6/25/13,	0.59,0.62,0.55,0.58,43300,0.58
ABAC,6/26/13,	0.62,0.62,0.55,0.60,28600,0.60
ABAC,6/27/13,	0.57,0.58,0.55,0.58,47900,0.58
ABAC,6/28/13,	0.56,0.60,0.54,0.57,41800,0.57
ABAC,7/1/13,	0.61,0.70,0.61,0.68,61600,0.68
ABAC,7/2/13,	0.71,0.71,0.57,0.63,43200,0.63
ABAC,7/3/13,	0.58,0.64,0.54,0.57,45500,0.57
ABAC,7/5/13,	0.60,0.62,0.54,0.56,48800,0.56
ABAC,7/8/13,	0.50,0.73,0.50,0.56,123600,0.56
ABAC,7/9/13,	0.56,0.59,0.54,0.58,15800,0.58
ABAC,7/10/13,	0.54,0.57,0.54,0.55,16600,0.55
ABAC,7/11/13,	0.55,0.58,0.55,0.56,9500,0.56
ABAC,7/12/13,	0.58,0.59,0.57,0.59,9200,0.59
ABAC,7/15/13,	0.58,0.59,0.58,0.59,8300,0.59
ABAC,7/16/13,	0.59,0.59,0.53,0.58,39800,0.58
ABAC,7/17/13,	0.55,0.59,0.55,0.58,15900,0.58
ABAC,7/18/13,	0.56,0.61,0.56,0.60,24800,0.60
ABAC,7/19/13,	0.57,0.60,0.57,0.57,4100,0.57
ABAC,7/22/13,	0.60,0.60,0.59,0.60,10400,0.60
ABAC,7/23/13,	0.61,0.63,0.60,0.61,21800,0.61
ABAC,7/24/13,	0.63,0.63,0.58,0.60,25400,0.60
ABAC,7/25/13,	0.58,0.60,0.58,0.60,3900,0.60
ABAC,7/26/13,	0.61,0.61,0.59,0.61,4200,0.61
ABAC,7/29/13,	0.59,0.61,0.59,0.59,1200,0.59
ABAC,7/30/13,	0.61,0.61,0.61,0.61,1500,0.61
ABAC,7/31/13,	0.61,0.70,0.61,0.64,29500,0.64
ABAC,8/1/13,	0.65,0.65,0.62,0.63,8600,0.63
ABAC,8/2/13,	0.62,0.65,0.62,0.64,1700,0.64
ABAC,8/5/13,	0.61,0.64,0.55,0.59,28300,0.59
ABAC,8/6/13,	0.62,0.62,0.57,0.57,7500,0.57
ABAC,8/7/13,	0.58,0.59,0.57,0.57,2600,0.57
ABAC,8/8/13,	0.59,0.59,0.59,0.59,1100,0.59
ABAC,8/9/13,	0.58,0.61,0.57,0.61,13500,0.61
ABAC,8/12/13,	0.62,0.62,0.60,0.62,11500,0.62
ABAC,8/13/13,	0.60,0.67,0.59,0.67,36200,0.67
ABAC,8/14/13,	0.59,0.64,0.59,0.59,14200,0.59
ABAC,8/15/13,	0.65,0.69,0.64,0.69,50000,0.69
ABAC,8/16/13,	0.69,0.73,0.68,0.72,50700,0.72
ABAC,8/19/13,	0.73,0.90,0.62,0.85,126800,0.85
ABAC,8/20/13,	0.85,0.85,0.78,0.82,23600,0.82
ABAC,8/21/13,	1.10,1.28,0.89,0.91,699700,0.91
ABAC,8/22/13,	0.90,1.14,0.85,0.95,187500,0.95
ABAC,8/23/13,	1.00,1.05,0.96,0.99,126800,0.99
ABAC,8/26/13,	1.02,1.04,0.98,0.98,56600,0.98
ABAC,8/27/13,	0.95,0.99,0.81,0.81,117200,0.81
ABAC,8/28/13,	0.82,0.90,0.76,0.83,85800,0.83
ABAC,8/29/13,	0.80,0.83,0.65,0.83,105800,0.83
ABAC,8/30/13,	0.78,0.82,0.73,0.82,16500,0.82
ABAC,9/3/13,	0.78,0.86,0.77,0.79,44900,0.79
ABAC,9/4/13,	0.80,0.90,0.78,0.90,11100,0.90
ABAC,9/5/13,	0.90,0.90,0.78,0.79,74500,0.79
ABAC,9/6/13,	0.82,0.82,0.80,0.80,32800,0.80
ABAC,9/9/13,	0.83,0.86,0.76,0.82,117100,0.82
ABAC,9/10/13,	0.86,0.86,0.76,0.76,46600,0.76
ABAC,9/11/13,	0.78,0.85,0.78,0.85,26800,0.85
ABAC,9/12/13,	0.86,0.86,0.78,0.81,14700,0.81
ABAC,9/13/13,	0.80,0.81,0.76,0.80,5800,0.80
ABAC,9/16/13,	0.85,0.85,0.81,0.81,2800,0.81
ABAC,9/17/13,	0.84,0.84,0.82,0.82,2900,0.82
ABAC,9/18/13,	0.80,0.84,0.80,0.81,14400,0.81
ABAC,9/19/13,	0.79,0.80,0.79,0.79,21300,0.79
ABAC,9/20/13,	0.79,0.79,0.76,0.77,17100,0.77
ABAC,9/23/13,	0.79,0.82,0.75,0.80,24200,0.80
ABAC,9/24/13,	0.79,0.83,0.78,0.80,24500,0.80
ABAC,9/25/13,	0.80,0.81,0.77,0.77,19400,0.77
ABAC,9/26/13,	0.82,0.83,0.78,0.83,55300,0.83
ABAC,9/27/13,	0.82,0.93,0.81,0.81,48100,0.81
ABAC,9/30/13,	0.97,1.02,0.92,0.98,236100,0.98
ABAC,10/1/13,	1.01,1.02,0.95,1.00,143000,1.00
ABAC,10/2/13,	1.03,1.03,0.96,1.02,136000,1.02
ABAC,10/3/13,	1.06,1.44,1.06,1.30,1119800,1.30
ABAC,10/4/13,	1.26,1.35,1.21,1.35,245100,1.35
ABAC,10/7/13,	1.25,1.30,1.24,1.25,65700,1.25
ABAC,10/8/13,	1.25,1.40,1.25,1.27,292500,1.27
ABAC,10/9/13,	1.29,1.88,1.28,1.64,1334600,1.64
ABAC,10/10/13,	1.60,1.84,1.55,1.73,452100,1.73
ABAC,10/11/13,	1.69,1.80,1.67,1.72,180600,1.72
ABAC,10/14/13,	1.72,1.72,1.52,1.61,124200,1.61
ABAC,10/15/13,	1.61,1.93,1.60,1.76,201100,1.76
ABAC,10/16/13,	1.73,1.95,1.66,1.72,239400,1.72
ABAC,10/17/13,	1.78,1.84,1.67,1.69,127900,1.69
ABAC,10/18/13,	1.70,1.78,1.67,1.72,166900,1.72
ABAC,10/21/13,	1.76,1.87,1.69,1.74,112700,1.74
ABAC,10/22/13,	1.79,1.79,1.68,1.72,110300,1.72
ABAC,10/23/13,	1.70,1.77,1.65,1.67,225100,1.67
ABAC,10/24/13,	1.69,1.69,1.51,1.54,122100,1.54
ABAC,10/25/13,	1.57,1.66,1.55,1.56,69000,1.56
ABAC,10/28/13,	1.60,1.65,1.51,1.54,39000,1.54
ABAC,10/29/13,	1.56,1.60,1.54,1.55,26900,1.55
ABAC,10/30/13,	1.50,1.57,1.46,1.49,107700,1.49
ABAC,10/31/13,	1.49,1.49,1.30,1.41,123400,1.41
ABAC,11/1/13,	1.38,1.55,1.38,1.47,41800,1.47
ABAC,11/4/13,	1.50,1.64,1.50,1.57,19100,1.57
ABAC,11/5/13,	1.60,1.67,1.60,1.60,66600,1.60
ABAC,11/6/13,	1.62,1.84,1.61,1.80,200400,1.80
ABAC,11/7/13,	1.82,1.84,1.70,1.70,136100,1.70
ABAC,11/8/13,	1.71,1.82,1.71,1.81,50900,1.81
ABAC,11/11/13,	1.84,1.84,1.73,1.79,47800,1.79
ABAC,11/12/13,	1.83,1.99,1.71,1.97,172600,1.97
ABAC,11/13/13,	1.95,1.95,1.77,1.90,103000,1.90
ABAC,11/14/13,	2.05,2.05,1.88,1.95,274200,1.95
ABAC,11/15/13,	2.01,2.18,1.96,2.15,186100,2.15
ABAC,11/18/13,	2.15,2.15,1.98,2.01,210800,2.01
ABAC,11/19/13,	1.95,1.99,1.47,1.67,333800,1.67
ABAC,11/20/13,	1.68,1.84,1.67,1.73,98800,1.73
ABAC,11/21/13,	1.80,1.90,1.75,1.84,94200,1.84
ABAC,11/22/13,	1.80,1.87,1.79,1.79,38700,1.79
ABAC,11/25/13,	1.84,1.84,1.72,1.73,47300,1.73
ABAC,11/26/13,	1.73,1.79,1.73,1.77,25000,1.77
ABAC,11/27/13,	1.76,1.84,1.75,1.83,11100,1.83
ABAC,11/29/13,	1.83,1.86,1.78,1.79,22800,1.79
ABAC,12/2/13,	1.79,1.83,1.79,1.83,20300,1.83
ABAC,12/3/13,	1.80,1.94,1.80,1.88,34400,1.88
ABAC,12/4/13,	1.88,2.10,1.88,2.00,103600,2.00
ABAC,12/5/13,	2.02,2.20,1.99,2.20,172200,2.20
ABAC,12/6/13,	2.23,2.30,2.14,2.19,176100,2.19
ABAC,12/9/13,	2.26,2.39,2.26,2.30,156800,2.30
ABAC,12/10/13,	2.30,2.47,2.30,2.44,151400,2.44
ABAC,12/11/13,	2.42,2.42,2.20,2.25,74500,2.25
ABAC,12/12/13,	2.26,2.35,2.07,2.16,82500,2.16
ABAC,12/13/13,	2.19,2.25,2.11,2.23,42200,2.23
ABAC,12/16/13,	2.18,2.27,2.15,2.27,28600,2.27
ABAC,12/17/13,	2.19,2.34,2.18,2.23,39100,2.23
ABAC,12/18/13,	2.23,2.27,2.16,2.23,57100,2.23
ABAC,12/19/13,	2.23,2.31,2.22,2.31,15800,2.31
ABAC,12/20/13,	2.25,2.29,2.25,2.27,17900,2.27
ABAC,12/23/13,	2.30,2.32,2.16,2.19,52700,2.19
ABAC,12/24/13,	2.19,2.26,2.19,2.26,4800,2.26
ABAC,12/26/13,	2.24,2.34,2.22,2.29,55700,2.29
ABAC,12/27/13,	2.27,2.32,2.15,2.21,26400,2.21
ABAC,12/30/13,	2.21,2.28,2.16,2.24,7900,2.24
ABAC,12/31/13,	2.27,2.27,2.18,2.18,28400,2.18
ABAC,1/2/14,	2.26,2.28,2.03,2.13,86300,2.13
ABAC,1/3/14,	2.10,2.22,1.87,2.17,209600,2.17
ABAC,1/6/14,	2.16,2.24,2.09,2.13,22700,2.13
ABAC,1/7/14,	2.19,2.20,2.05,2.18,58400,2.18
ABAC,1/8/14,	2.09,2.19,2.09,2.15,19000,2.15
ABAC,1/9/14,	2.11,2.15,2.02,2.06,61700,2.06
ABAC,1/10/14,	2.03,2.18,2.02,2.15,74800,2.15
ABAC,1/13/14,	2.11,2.14,2.10,2.14,16100,2.14
ABAC,1/14/14,	2.07,2.14,2.05,2.08,23100,2.08
ABAC,1/15/14,	2.03,2.13,2.03,2.06,41500,2.06
ABAC,1/16/14,	2.02,2.09,2.02,2.06,13200,2.06
ABAC,1/17/14,	2.03,2.12,2.01,2.06,56900,2.06
ABAC,1/21/14,	2.01,2.14,2.01,2.05,115400,2.05
ABAC,1/22/14,	2.03,2.09,2.02,2.07,36600,2.07
ABAC,1/23/14,	2.03,2.07,1.93,2.01,67300,2.01
ABAC,1/24/14,	1.98,2.05,1.95,1.98,20200,1.98
ABAC,1/27/14,	1.98,2.00,1.98,2.00,17700,2.00
ABAC,1/28/14,	1.97,2.07,1.97,2.03,12600,2.03
ABAC,1/29/14,	2.05,2.05,1.95,1.96,22900,1.96
ABAC,1/30/14,	1.95,2.00,1.94,1.98,14200,1.98
ABAC,1/31/14,	1.94,1.99,1.94,1.95,8700,1.95
ABAC,2/3/14,	1.96,1.96,1.92,1.93,13800,1.93
ABAC,2/4/14,	1.93,1.96,1.92,1.96,11700,1.96
ABAC,2/5/14,	1.92,1.95,1.89,1.93,20900,1.93
ABAC,2/6/14,	1.89,1.90,1.86,1.86,9500,1.86
ABAC,2/7/14,	1.86,1.87,1.67,1.68,65800,1.68
ABAC,2/10/14,	1.67,1.82,1.67,1.75,47400,1.75
ABAC,2/11/14,	1.82,1.82,1.73,1.77,2000,1.77
ABAC,2/12/14,	1.78,1.81,1.77,1.80,10700,1.80
ABAC,2/13/14,	1.92,1.92,1.87,1.88,5000,1.88
ABAC,2/14/14,	1.78,1.90,1.71,1.74,34400,1.74
ABAC,2/18/14,	1.77,1.84,1.70,1.73,17100,1.73
ABAC,2/19/14,	1.70,1.73,1.66,1.71,35500,1.71
ABAC,2/20/14,	1.71,1.71,1.68,1.69,11400,1.69
ABAC,2/21/14,	1.73,1.73,1.66,1.70,2700,1.70
ABAC,2/24/14,	1.70,1.78,1.70,1.77,11600,1.77
ABAC,2/25/14,	1.72,1.81,1.72,1.81,11000,1.81
ABAC,2/26/14,	1.82,1.88,1.82,1.86,17100,1.86
ABAC,2/27/14,	1.88,1.88,1.83,1.83,13800,1.83
ABAC,2/28/14,	1.76,1.87,1.76,1.83,3200,1.83
ABAC,3/3/14,	1.81,1.87,1.81,1.86,16900,1.86
ABAC,3/4/14,	1.88,1.95,1.84,1.95,34900,1.95
ABAC,3/5/14,	2.00,2.05,1.92,1.98,162900,1.98
ABAC,3/6/14,	2.25,2.35,1.83,2.07,297900,2.07
ABAC,3/7/14,	2.05,2.14,1.96,2.06,65500,2.06
ABAC,3/10/14,	2.11,2.13,2.03,2.05,29300,2.05
ABAC,3/11/14,	1.96,2.09,1.89,1.92,52400,1.92
ABAC,3/12/14,	1.89,1.93,1.82,1.84,54500,1.84
ABAC,3/13/14,	1.89,2.30,1.89,2.09,197200,2.09
ABAC,3/14/14,	1.75,1.82,1.59,1.73,349700,1.73
ABAC,3/17/14,	1.80,1.87,1.80,1.83,62300,1.83
ABAC,3/18/14,	1.85,1.96,1.77,1.87,109100,1.87
ABAC,3/19/14,	1.86,1.86,1.73,1.78,30200,1.78
ABAC,3/20/14,	1.82,1.82,1.70,1.79,17400,1.79
ABAC,3/21/14,	1.74,1.81,1.73,1.77,28200,1.77
ABAC,3/24/14,	1.73,1.82,1.72,1.77,6500,1.77
ABAC,3/25/14,	1.74,1.82,1.74,1.82,11500,1.82
ABAC,3/26/14,	1.80,1.82,1.75,1.79,17600,1.79
ABAC,3/27/14,	1.85,2.10,1.80,1.85,115400,1.85
ABAC,3/28/14,	1.87,1.90,1.78,1.83,11500,1.83
ABAC,3/31/14,	1.80,1.87,1.79,1.86,6900,1.86
ABAC,4/1/14,	1.88,1.88,1.83,1.83,17000,1.83
ABAC,4/2/14,	1.83,1.92,1.83,1.90,7600,1.90
ABAC,4/3/14,	1.87,1.98,1.84,1.84,8500,1.84
ABAC,4/4/14,	1.85,1.86,1.80,1.81,21400,1.81
ABAC,4/7/14,	1.84,1.85,1.82,1.82,9300,1.82
ABAC,4/8/14,	1.80,1.82,1.80,1.81,15600,1.81
ABAC,4/9/14,	1.86,1.92,1.82,1.82,12200,1.82
ABAC,4/10/14,	1.88,2.00,1.82,1.88,44700,1.88
ABAC,4/11/14,	1.89,1.94,1.82,1.91,65200,1.91
ABAC,4/14/14,	1.91,2.00,1.87,1.97,34300,1.97
ABAC,4/15/14,	1.95,2.15,1.95,2.03,70900,2.03
ABAC,4/16/14,	2.03,2.03,1.90,1.95,42100,1.95
ABAC,4/17/14,	1.95,2.04,1.95,2.01,24500,2.01
ABAC,4/21/14,	2.15,2.15,1.96,2.10,33000,2.10
ABAC,4/22/14,	2.10,2.35,2.10,2.27,363100,2.27
ABAC,4/23/14,	2.25,2.25,2.16,2.18,74700,2.18
ABAC,4/24/14,	2.21,2.22,2.11,2.19,22500,2.19
ABAC,4/25/14,	2.20,2.25,2.13,2.19,12200,2.19
ABAC,4/28/14,	2.24,2.24,2.01,2.01,43800,2.01
ABAC,4/29/14,	2.00,2.06,1.93,1.98,22300,1.98
ABAC,4/30/14,	2.00,2.09,2.00,2.07,7900,2.07
ABAC,5/1/14,	2.00,2.05,1.98,2.05,7000,2.05
ABAC,5/2/14,	2.00,2.05,1.97,1.99,7500,1.99
ABAC,5/5/14,	2.00,2.10,2.00,2.09,44000,2.09
ABAC,5/6/14,	2.11,2.11,2.05,2.09,6900,2.09
ABAC,5/7/14,	1.97,2.05,1.97,2.01,13300,2.01
ABAC,5/8/14,	2.00,2.10,2.00,2.06,28000,2.06
ABAC,5/9/14,	2.10,2.14,2.06,2.12,11500,2.12
ABAC,5/12/14,	2.15,2.18,2.02,2.12,37300,2.12
ABAC,5/13/14,	2.21,2.21,2.06,2.13,43800,2.13
ABAC,5/14/14,	2.11,2.15,2.10,2.10,14900,2.10
ABAC,5/15/14,	2.09,2.14,2.05,2.05,17500,2.05
ABAC,5/16/14,	2.12,2.12,2.05,2.11,38400,2.11
ABAC,5/19/14,	2.11,2.11,2.00,2.03,39500,2.03
ABAC,5/20/14,	2.06,2.14,2.02,2.12,46800,2.12
ABAC,5/21/14,	2.10,2.16,2.05,2.12,49700,2.12
ABAC,5/22/14,	2.10,2.19,2.04,2.19,42800,2.19
ABAC,5/23/14,	2.14,2.21,2.13,2.20,76000,2.20
ABAC,5/27/14,	2.25,2.25,2.15,2.24,55500,2.24
ABAC,5/28/14,	2.25,2.38,2.20,2.25,195200,2.25
ABAC,5/29/14,	2.22,2.27,2.12,2.18,68700,2.18
ABAC,5/30/14,	2.19,2.20,2.13,2.20,41900,2.20
ABAC,6/2/14,	2.22,2.22,2.11,2.21,35100,2.21
ABAC,6/3/14,	2.16,2.22,2.10,2.22,28000,2.22
ABAC,6/4/14,	2.20,2.20,2.10,2.19,48600,2.19
ABAC,6/5/14,	2.11,2.17,2.04,2.13,34900,2.13
ABAC,6/6/14,	2.13,2.15,2.10,2.15,18900,2.15
ABAC,6/9/14,	2.15,2.17,2.11,2.14,22200,2.14
ABAC,6/10/14,	2.13,2.17,2.12,2.12,10300,2.12
ABAC,6/11/14,	2.17,2.19,2.13,2.18,17400,2.18
ABAC,6/12/14,	2.17,2.18,2.12,2.16,21300,2.16
ABAC,6/13/14,	2.19,2.19,2.13,2.15,45000,2.15
ABAC,6/16/14,	2.12,2.18,2.09,2.14,37700,2.14
ABAC,6/17/14,	2.12,2.18,2.12,2.18,61100,2.18
ABAC,6/18/14,	2.19,2.23,2.14,2.19,131600,2.19
ABAC,6/19/14,	2.20,2.35,2.20,2.21,167800,2.21
ABAC,6/20/14,	2.17,2.28,2.16,2.19,61300,2.19
ABAC,6/23/14,	2.20,2.25,2.16,2.25,40200,2.25
ABAC,6/24/14,	2.18,2.26,2.18,2.26,34700,2.26
ABAC,6/25/14,	2.25,2.25,2.00,2.15,58200,2.15
ABAC,6/26/14,	2.14,2.15,2.02,2.11,42800,2.11
ABAC,6/27/14,	2.08,2.10,2.02,2.10,42700,2.10
ABAC,6/30/14,	2.07,2.09,2.03,2.05,9900,2.05
ABAC,7/1/14,	2.03,2.07,2.03,2.07,16600,2.07
ABAC,7/2/14,	2.04,2.12,2.03,2.10,33000,2.10
ABAC,7/3/14,	2.10,2.20,2.07,2.12,46000,2.12
ABAC,7/7/14,	2.14,2.14,2.06,2.06,8600,2.06
ABAC,7/8/14,	2.10,2.10,2.05,2.05,13600,2.05
ABAC,7/9/14,	2.03,2.08,2.03,2.05,5400,2.05
ABAC,7/10/14,	2.04,2.08,2.04,2.04,11200,2.04
ABAC,7/11/14,	2.08,2.10,2.08,2.08,20300,2.08
ABAC,7/14/14,	2.13,2.13,2.10,2.12,19300,2.12
ABAC,7/15/14,	2.19,2.19,2.10,2.13,20300,2.13
ABAC,7/16/14,	2.12,2.20,2.12,2.15,41500,2.15
ABAC,7/17/14,	2.23,2.27,2.05,2.06,93100,2.06
ABAC,7/18/14,	2.05,2.15,2.05,2.15,29900,2.15
ABAC,7/21/14,	2.16,2.17,2.07,2.12,63800,2.12
ABAC,7/22/14,	2.10,2.10,2.03,2.04,75700,2.04
ABAC,7/23/14,	2.04,2.06,1.95,2.01,84200,2.01
ABAC,7/24/14,	2.00,2.00,1.96,2.00,15200,2.00
ABAC,7/25/14,	2.01,2.01,1.85,2.00,32700,2.00
ABAC,7/28/14,	2.00,2.00,1.88,2.00,25900,2.00
ABAC,7/29/14,	1.77,2.11,1.77,1.98,34800,1.98
ABAC,7/30/14,	1.99,2.01,1.95,2.01,22800,2.01
ABAC,7/31/14,	2.00,2.00,1.96,1.99,18300,1.99
ABAC,8/1/14,	2.02,2.02,1.98,1.99,28900,1.99
ABAC,8/4/14,	1.98,2.00,1.96,1.99,25200,1.99
ABAC,8/5/14,	1.93,2.00,1.79,1.83,49100,1.83
ABAC,8/6/14,	1.83,2.00,1.83,2.00,26200,2.00
ABAC,8/7/14,	2.00,2.00,1.91,2.00,24900,2.00
ABAC,8/8/14,	1.93,2.12,1.93,2.06,77800,2.06
ABAC,8/11/14,	2.03,2.03,2.00,2.00,17900,2.00
ABAC,8/12/14,	1.98,1.99,1.81,1.85,48700,1.85
ABAC,8/13/14,	1.81,2.00,1.81,2.00,25600,2.00
ABAC,8/14/14,	2.00,2.00,1.94,2.00,10800,2.00
ABAC,8/15/14,	2.00,2.00,1.91,1.93,7100,1.93
ABAC,8/18/14,	2.00,2.00,1.95,1.95,5400,1.95
ABAC,8/19/14,	1.87,1.98,1.87,1.91,1400,1.91
ABAC,8/20/14,	1.96,1.98,1.91,1.98,14900,1.98
ABAC,8/21/14,	2.02,2.02,1.93,2.00,26200,2.00
ABAC,8/22/14,	2.00,2.00,1.91,1.95,12600,1.95
ABAC,8/25/14,	2.00,2.05,1.93,2.00,32100,2.00
ABAC,8/26/14,	1.97,2.01,1.95,1.95,13700,1.95
ABAC,8/27/14,	1.98,1.98,1.87,1.88,26900,1.88
ABAC,8/28/14,	1.92,1.98,1.85,1.92,29300,1.92
ABAC,8/29/14,	1.90,1.93,1.85,1.89,21500,1.89
ABAC,9/2/14,	1.85,1.87,1.79,1.80,18100,1.80
ABAC,9/3/14,	1.80,1.81,1.57,1.70,58100,1.70
ABAC,9/4/14,	1.70,1.70,1.48,1.57,46900,1.57
ABAC,9/5/14,	1.52,1.58,1.37,1.48,152200,1.48
ABAC,9/8/14,	1.48,1.48,1.24,1.37,204200,1.37
ABAC,9/9/14,	1.30,1.37,1.15,1.28,171200,1.28
ABAC,9/10/14,	1.25,1.37,1.23,1.37,55900,1.37
ABAC,9/11/14,	1.37,1.49,1.31,1.48,158600,1.48
ABAC,9/12/14,	1.44,1.69,1.44,1.65,73000,1.65
ABAC,9/15/14,	1.67,1.95,1.65,1.76,189700,1.76
ABAC,9/16/14,	1.81,1.84,1.71,1.83,76500,1.83
ABAC,9/17/14,	1.90,1.90,1.79,1.90,83200,1.90
ABAC,9/18/14,	1.95,1.95,1.85,1.93,55700,1.93
ABAC,9/19/14,	1.95,1.96,1.82,1.96,63400,1.96
ABAC,9/22/14,	1.90,1.97,1.82,1.95,84500,1.95
ABAC,9/23/14,	1.91,1.95,1.85,1.95,54800,1.95
ABAC,9/24/14,	1.90,1.95,1.86,1.91,13200,1.91
ABAC,9/25/14,	1.89,1.94,1.88,1.94,17500,1.94
ABAC,9/26/14,	1.92,1.95,1.88,1.95,25700,1.95
ABAC,9/29/14,	1.92,2.05,1.85,2.03,73300,2.03
ABAC,9/30/14,	2.05,2.09,1.99,2.00,8600,2.00
ABAC,10/1/14,	2.03,2.09,1.91,2.00,16800,2.00
ABAC,10/2/14,	1.97,2.02,1.88,1.99,31500,1.99
ABAC,10/3/14,	2.00,2.05,2.00,2.05,26100,2.05
ABAC,10/6/14,	2.04,2.08,1.97,2.08,40500,2.08
ABAC,10/7/14,	2.07,2.10,2.07,2.09,66700,2.09
ABAC,10/8/14,	2.07,2.07,2.02,2.05,10600,2.05
ABAC,10/9/14,	2.05,2.10,2.00,2.10,76100,2.10
ABAC,10/10/14,	2.09,2.10,1.97,2.10,43200,2.10
ABAC,10/13/14,	2.09,2.11,2.01,2.05,47400,2.05
ABAC,10/14/14,	2.08,2.08,2.00,2.07,20300,2.07
ABAC,10/15/14,	2.06,2.10,1.86,2.06,47800,2.06
ABAC,10/16/14,	2.06,2.10,1.88,2.10,55400,2.10
ABAC,10/17/14,	2.10,2.11,1.96,2.11,98500,2.11
ABAC,10/20/14,	2.10,2.15,2.06,2.14,79100,2.14
ABAC,10/21/14,	2.25,2.30,2.00,2.20,184800,2.20
ABAC,10/22/14,	2.21,2.24,2.05,2.17,87000,2.17
ABAC,10/23/14,	2.20,2.24,2.16,2.24,78100,2.24
ABAC,10/24/14,	2.24,2.30,2.21,2.27,109300,2.27
ABAC,10/27/14,	2.28,2.29,2.22,2.25,59100,2.25
ABAC,10/28/14,	2.27,2.35,2.23,2.35,40300,2.35
ABAC,10/29/14,	2.35,2.40,2.30,2.39,69700,2.39
ABAC,10/30/14,	2.40,2.40,2.35,2.36,24900,2.36
ABAC,10/31/14,	2.39,2.40,2.36,2.40,85400,2.40
ABAC,11/3/14,	2.40,2.40,2.30,2.39,46800,2.39
ABAC,11/4/14,	2.38,2.38,2.28,2.34,47200,2.34
ABAC,11/5/14,	2.32,2.36,2.19,2.23,12700,2.23
ABAC,11/6/14,	2.27,2.30,2.20,2.28,52800,2.28
ABAC,11/7/14,	2.25,2.25,2.09,2.19,84400,2.19
ABAC,11/10/14,	2.25,2.25,2.15,2.24,46700,2.24
ABAC,11/11/14,	2.24,2.30,2.18,2.25,17100,2.25
ABAC,11/12/14,	2.20,2.25,2.10,2.18,31100,2.18
ABAC,11/13/14,	2.25,2.35,2.23,2.27,52200,2.27
ABAC,11/14/14,	2.28,2.29,2.18,2.25,41600,2.25
ABAC,11/17/14,	2.22,2.33,2.22,2.28,25200,2.28
ABAC,11/18/14,	2.30,2.30,2.26,2.29,34500,2.29
ABAC,11/19/14,	2.27,2.29,2.24,2.27,22700,2.27
ABAC,11/20/14,	2.28,2.28,2.22,2.27,18400,2.27
ABAC,11/21/14,	2.27,2.27,2.18,2.26,42700,2.26
ABAC,11/24/14,	2.26,2.28,2.18,2.20,24600,2.20
ABAC,11/25/14,	2.24,2.25,2.05,2.08,52400,2.08
ABAC,11/26/14,	2.05,2.07,1.88,2.00,15000,2.00
ABAC,11/28/14,	2.01,2.02,2.01,2.01,400,2.01
ABAC,12/1/14,	2.03,2.08,2.01,2.02,5100,2.02
ABAC,12/2/14,	2.02,2.07,2.02,2.07,19900,2.07
ABAC,12/3/14,	2.09,2.09,2.03,2.03,2700,2.03
ABAC,12/4/14,	2.05,2.05,2.03,2.05,10600,2.05
ABAC,12/5/14,	2.05,2.06,2.03,2.04,6200,2.04
ABAC,12/8/14,	2.03,2.07,2.02,2.02,5800,2.02
ABAC,12/9/14,	2.02,2.02,2.02,2.02,6300,2.02
ABAC,12/10/14,	1.99,2.01,1.96,2.00,15200,2.00
ABAC,12/11/14,	1.96,2.00,1.95,2.00,13900,2.00
ABAC,12/12/14,	1.95,1.95,1.78,1.78,32500,1.78
ABAC,12/15/14,	1.86,1.88,1.86,1.88,800,1.88
ABAC,12/16/14,	1.86,2.00,1.86,1.87,3600,1.87
ABAC,12/17/14,	1.99,1.99,1.80,1.80,7800,1.80
ABAC,12/18/14,	1.90,1.90,1.85,1.85,12000,1.85
ABAC,12/19/14,	1.85,1.88,1.82,1.88,6300,1.88
ABAC,12/22/14,	1.95,1.95,1.84,1.84,800,1.84
ABAC,12/23/14,	1.92,1.94,1.85,1.88,8900,1.88
ABAC,12/24/14,	1.86,1.86,1.81,1.81,25200,1.81
ABAC,12/26/14,	1.64,1.74,1.62,1.70,7700,1.70
ABAC,12/29/14,	1.68,1.70,1.64,1.70,16200,1.70
ABAC,12/30/14,	1.70,1.91,1.66,1.91,16900,1.91
ABAC,12/31/14,	1.88,1.91,1.71,1.73,17200,1.73
ABAC,1/2/15,	1.72,1.82,1.72,1.81,11000,1.81
ABAC,1/5/15,	1.80,1.80,1.74,1.79,11000,1.79
ABAC,1/6/15,	1.78,1.78,1.70,1.70,5600,1.70
ABAC,1/7/15,	1.72,1.74,1.72,1.74,500,1.74
ABAC,1/8/15,	1.66,1.70,1.66,1.68,6400,1.68
ABAC,1/9/15,	1.63,1.63,1.52,1.54,5400,1.54
ABAC,1/12/15,	1.51,1.54,1.36,1.37,34200,1.37
ABAC,1/13/15,	1.35,1.54,1.35,1.37,9400,1.37
ABAC,1/14/15,	1.46,1.52,1.40,1.44,17200,1.44
ABAC,1/15/15,	1.45,1.45,1.45,1.45,400,1.45
ABAC,1/16/15,	1.45,1.50,1.45,1.50,12900,1.50
ABAC,1/20/15,	1.45,1.51,1.39,1.51,3700,1.51
ABAC,1/21/15,	1.40,1.49,1.40,1.49,1700,1.49
ABAC,1/22/15,	1.50,1.50,1.40,1.49,5100,1.49
ABAC,1/23/15,	1.50,1.65,1.41,1.52,8200,1.52
ABAC,1/26/15,	1.43,1.49,1.43,1.48,2900,1.48
ABAC,1/27/15,	1.43,1.52,1.33,1.52,4900,1.52
ABAC,1/28/15,	1.53,1.60,1.52,1.60,23600,1.60
ABAC,1/29/15,	1.53,1.53,1.39,1.43,11100,1.43
ABAC,1/30/15,	1.32,1.60,1.32,1.45,8200,1.45
ABAC,2/2/15,	1.57,1.60,1.50,1.60,11500,1.60
ABAC,2/3/15,	1.60,1.67,1.54,1.67,12800,1.67
ABAC,2/4/15,	1.65,1.68,1.62,1.68,7000,1.68
ABAC,2/5/15,	1.75,1.75,1.54,1.64,11200,1.64
ABAC,2/6/15,	1.67,1.84,1.67,1.77,9200,1.77
ABAC,2/9/15,	1.73,1.73,1.68,1.68,1800,1.68
ABAC,2/10/15,	1.68,1.72,1.67,1.67,6400,1.67
ABAC,2/11/15,	1.67,1.67,1.61,1.61,1100,1.61
ABAC,2/12/15,	1.59,1.59,1.59,1.59,800,1.59
ABAC,2/13/15,	1.60,1.60,1.59,1.59,700,1.59
ABAC,2/17/15,	1.62,1.73,1.62,1.73,400,1.73
ABAC,2/18/15,	1.70,1.82,1.61,1.61,2000,1.61
ABAC,2/19/15,	1.80,1.81,1.66,1.80,2300,1.80
ABAC,2/20/15,	1.60,1.65,1.55,1.61,1600,1.61
ABAC,2/23/15,	1.57,1.57,1.57,1.57,100,1.57
ABAC,2/24/15,	1.57,1.57,1.57,1.57,000,1.57
ABAC,2/25/15,	1.55,1.56,1.55,1.55,3500,1.55
ABAC,2/26/15,	1.50,1.63,1.50,1.63,2400,1.63
ABAC,2/27/15,	1.50,1.51,1.45,1.49,3000,1.49
ABAC,3/2/15,	1.48,1.60,1.47,1.47,2300,1.47
ABAC,3/3/15,	1.46,1.54,1.44,1.45,5000,1.45
ABAC,3/4/15,	1.52,1.56,1.46,1.46,3700,1.46
ABAC,3/5/15,	1.47,1.54,1.43,1.54,10800,1.54
ABAC,3/6/15,	1.46,1.53,1.46,1.46,2000,1.46
ABAC,3/9/15,	1.46,1.46,1.46,1.46,000,1.46
ABAC,3/10/15,	1.53,1.53,1.50,1.51,5600,1.51
ABAC,3/11/15,	1.43,1.62,1.43,1.54,20600,1.54
ABAC,3/12/15,	1.54,1.54,1.54,1.54,000,1.54
ABAC,3/13/15,	1.47,1.56,1.46,1.56,5300,1.56
ABAC,3/16/15,	1.46,1.53,1.46,1.53,3900,1.53
ABAC,3/17/15,	1.53,1.53,1.53,1.53,000,1.53
ABAC,3/18/15,	1.48,1.52,1.47,1.52,10800,1.52
ABAC,3/19/15,	1.56,1.71,1.53,1.57,13600,1.57
ABAC,3/20/15,	1.57,1.76,1.46,1.53,15200,1.53
ABAC,3/23/15,	1.54,1.54,1.46,1.48,10400,1.48
ABAC,3/24/15,	1.51,1.52,1.51,1.52,800,1.52
ABAC,3/25/15,	1.55,1.56,1.49,1.49,3200,1.49
ABAC,3/26/15,	1.50,1.51,1.50,1.51,300,1.51
ABAC,3/27/15,	1.49,1.59,1.49,1.58,8300,1.58
ABAC,3/30/15,	1.59,1.61,1.56,1.60,5000,1.60
ABAC,3/31/15,	1.50,1.57,1.50,1.50,9200,1.50
ABAC,4/1/15,	1.50,1.56,1.50,1.51,42800,1.51
ABAC,4/2/15,	1.56,1.71,1.48,1.65,58800,1.65
ABAC,4/6/15,	1.70,1.94,1.49,1.83,215900,1.83
ABAC,4/7/15,	1.65,1.80,1.65,1.77,18600,1.77
ABAC,4/8/15,	1.79,1.79,1.51,1.70,17200,1.70
ABAC,4/9/15,	1.60,1.75,1.60,1.74,37700,1.74
ABAC,4/10/15,	1.65,1.72,1.59,1.65,12900,1.65
ABAC,4/13/15,	1.69,1.69,1.66,1.66,700,1.66
ABAC,4/14/15,	1.66,1.66,1.66,1.66,000,1.66
ABAC,4/15/15,	1.67,1.70,1.65,1.65,4000,1.65
ABAC,4/16/15,	1.65,1.71,1.62,1.70,16600,1.70
ABAC,4/17/15,	1.63,1.67,1.63,1.67,1000,1.67
ABAC,4/20/15,	1.71,1.74,1.70,1.74,4400,1.74
ABAC,4/21/15,	1.77,1.77,1.72,1.76,4400,1.76
ABAC,4/22/15,	1.67,1.75,1.67,1.75,5700,1.75
ABAC,4/23/15,	1.73,1.73,1.60,1.66,26100,1.66
ABAC,4/24/15,	1.69,1.72,1.69,1.72,4400,1.72
ABAC,4/27/15,	1.70,1.74,1.70,1.73,2600,1.73
ABAC,4/28/15,	1.78,1.78,1.69,1.70,31300,1.70
ABAC,4/29/15,	1.72,1.75,1.70,1.70,21600,1.70
ABAC,4/30/15,	1.70,1.70,1.68,1.68,14900,1.68
ABAC,5/1/15,	1.67,1.67,1.65,1.65,1500,1.65
ABAC,5/4/15,	1.68,1.68,1.58,1.62,36800,1.62
ABAC,5/5/15,	1.62,1.67,1.62,1.62,15400,1.62
ABAC,5/6/15,	1.62,1.62,1.55,1.56,2400,1.56
ABAC,5/7/15,	1.63,1.64,1.63,1.63,12800,1.63
ABAC,5/8/15,	1.57,1.62,1.54,1.62,17500,1.62
ABAC,5/11/15,	1.64,1.64,1.56,1.61,5600,1.61
ABAC,5/12/15,	1.61,1.62,1.61,1.62,6000,1.62
ABAC,5/13/15,	1.62,1.75,1.62,1.69,13500,1.69
ABAC,5/14/15,	1.65,1.65,1.57,1.64,1500,1.64
ABAC,5/15/15,	1.63,1.67,1.55,1.67,54100,1.67
ABAC,5/18/15,	1.67,1.71,1.64,1.69,15800,1.69
ABAC,5/19/15,	1.67,1.68,1.66,1.68,8300,1.68
ABAC,5/20/15,	1.66,1.68,1.66,1.68,20800,1.68
ABAC,5/21/15,	1.60,1.75,1.58,1.70,6300,1.70
ABAC,5/22/15,	1.69,1.69,1.68,1.68,700,1.68
ABAC,5/26/15,	1.62,1.67,1.58,1.58,41400,1.58
ABAC,5/27/15,	1.67,1.67,1.58,1.60,5300,1.60
ABAC,5/28/15,	1.63,1.66,1.59,1.61,3000,1.61
ABAC,5/29/15,	1.60,1.62,1.60,1.62,1200,1.62
ABAC,6/1/15,	1.63,1.63,1.48,1.50,90300,1.50
ABAC,6/2/15,	1.51,1.75,1.46,1.67,64400,1.67
ABAC,6/3/15,	1.71,1.74,1.60,1.60,13800,1.60
ABAC,6/4/15,	1.55,1.69,1.55,1.61,2700,1.61
ABAC,6/5/15,	1.61,1.61,1.61,1.61,000,1.61
ABAC,6/8/15,	1.65,1.65,1.41,1.50,21400,1.50
ABAC,6/9/15,	1.45,1.57,1.45,1.49,8200,1.49
ABAC,6/10/15,	1.49,1.54,1.49,1.50,8900,1.50
ABAC,6/11/15,	1.53,1.53,1.48,1.49,12900,1.49
ABAC,6/12/15,	1.51,1.52,1.43,1.50,10800,1.50
ABAC,6/15/15,	1.38,1.49,1.37,1.40,3100,1.40
ABAC,6/16/15,	1.41,1.48,1.41,1.42,10600,1.42
ABAC,6/17/15,	1.37,1.47,1.37,1.44,8700,1.44
ABAC,6/18/15,	1.40,1.40,1.39,1.40,7300,1.40
ABAC,6/19/15,	1.41,1.60,1.41,1.49,37700,1.49
ABAC,6/22/15,	1.52,1.68,1.48,1.48,21700,1.48
ABAC,6/23/15,	1.48,1.51,1.48,1.48,5600,1.48
ABAC,6/24/15,	1.44,1.51,1.37,1.39,24300,1.39
ABAC,6/25/15,	1.45,1.45,1.39,1.40,5400,1.40
ABAC,6/26/15,	1.40,1.42,1.37,1.39,26700,1.39
ABAC,6/29/15,	1.37,1.39,1.35,1.39,5300,1.39
ABAC,6/30/15,	1.37,1.37,1.34,1.36,12200,1.36
ABAC,7/1/15,	1.35,1.41,1.33,1.39,35100,1.39
ABAC,7/2/15,	1.29,1.41,1.29,1.30,10200,1.30
ABAC,7/6/15,	1.27,1.29,1.03,1.15,70400,1.15
ABAC,7/7/15,	1.14,1.30,1.03,1.06,73100,1.06
ABAC,7/8/15,	1.02,1.05,1.02,1.05,11000,1.05
ABAC,7/9/15,	1.07,1.19,1.06,1.08,101200,1.08
ABAC,7/10/15,	1.12,1.35,1.05,1.08,217200,1.08
ABAC,7/13/15,	1.15,1.15,1.04,1.08,30300,1.08
ABAC,7/14/15,	1.05,1.07,1.00,1.03,73500,1.03
ABAC,7/15/15,	1.05,1.17,1.01,1.05,15400,1.05
ABAC,7/16/15,	1.11,1.11,1.11,1.11,800,1.11
ABAC,7/17/15,	1.04,1.10,1.04,1.10,2100,1.10
ABAC,7/20/15,	1.10,1.12,1.10,1.10,5900,1.10
ABAC,7/21/15,	1.07,1.18,1.07,1.15,25800,1.15
ABAC,7/22/15,	1.19,1.19,1.13,1.19,2100,1.19
ABAC,7/23/15,	1.15,1.23,1.15,1.20,3100,1.20
ABAC,7/24/15,	1.19,1.23,1.16,1.23,14600,1.23
ABAC,7/27/15,	1.22,1.22,1.20,1.20,1600,1.20
ABAC,7/28/15,	1.18,1.19,1.18,1.19,6400,1.19
ABAC,7/29/15,	1.16,1.20,1.14,1.14,6800,1.14
ABAC,7/30/15,	1.12,1.12,1.07,1.10,4000,1.10
ABAC,7/31/15,	1.15,1.15,1.10,1.10,3700,1.10
ABAC,8/3/15,	1.09,1.09,1.03,1.06,9100,1.06
ABAC,8/4/15,	1.08,1.09,1.08,1.09,900,1.09
ABAC,8/5/15,	1.09,1.10,0.99,1.10,23500,1.10
ABAC,8/6/15,	1.06,1.10,1.04,1.10,8900,1.10
ABAC,8/7/15,	1.02,1.02,0.85,1.00,19400,1.00
