AAIT,2/10/12,	26.959999,26.959999,26.959999,26.959999,000,25.428211
AAIT,2/13/12,	26.959999,26.959999,26.959999,26.959999,000,25.428211
AAIT,2/14/12,	26.959999,26.959999,26.959999,26.959999,000,25.428211
AAIT,2/15/12,	26.959999,26.959999,26.959999,26.959999,000,25.428211
AAIT,2/16/12,	26.959999,26.959999,26.959999,26.959999,000,25.428211
AAIT,2/17/12,	26.959999,26.959999,26.959999,26.959999,000,25.428211
AAIT,2/21/12,	26.959999,26.959999,26.959999,26.959999,000,25.428211
AAIT,2/22/12,	26.959999,26.959999,26.959999,26.959999,000,25.428211
AAIT,2/23/12,	29.690001,29.690001,29.690001,29.690001,100,28.003102
AAIT,2/24/12,	29.690001,29.690001,29.690001,29.690001,000,28.003102
AAIT,2/27/12,	28.23,30.360001,28.23,30.110001,400,28.399239
AAIT,2/28/12,	29.040001,29.040001,27.92,28.110001,700,26.512873
AAIT,2/29/12,	28.110001,28.110001,28.110001,28.110001,000,26.512873
AAIT,3/1/12,	28.110001,28.110001,28.110001,28.110001,000,26.512873
AAIT,3/2/12,	28.110001,28.110001,28.110001,28.110001,000,26.512873
AAIT,3/5/12,	28.110001,28.110001,28.110001,28.110001,000,26.512873
AAIT,3/6/12,	27.17,27.17,27.17,27.17,200,25.626281
AAIT,3/7/12,	27.17,27.17,27.17,27.17,000,25.626281
AAIT,3/8/12,	27.17,27.17,27.17,27.17,000,25.626281
AAIT,3/9/12,	27.17,27.17,27.17,27.17,000,25.626281
AAIT,3/12/12,	27.17,27.17,27.17,27.17,000,25.626281
AAIT,3/13/12,	27.17,27.17,27.17,27.17,000,25.626281
AAIT,3/14/12,	27.17,27.17,27.17,27.17,000,25.626281
AAIT,3/15/12,	27.17,27.17,27.17,27.17,000,25.626281
AAIT,3/16/12,	27.17,27.17,27.17,27.17,000,25.626281
AAIT,3/19/12,	27.17,27.17,27.17,27.17,000,25.626281
AAIT,3/20/12,	27.17,27.17,27.17,27.17,000,25.626281
AAIT,3/21/12,	27.17,27.17,27.17,27.17,000,25.626281
AAIT,3/22/12,	27.17,27.17,27.17,27.17,000,25.626281
AAIT,3/23/12,	27.17,27.17,27.17,27.17,000,25.626281
AAIT,3/26/12,	27.17,27.17,27.17,27.17,000,25.626281
AAIT,3/27/12,	27.17,27.17,27.17,27.17,000,25.626281
AAIT,3/28/12,	27.17,27.17,27.17,27.17,000,25.626281
AAIT,3/29/12,	27.17,27.17,27.17,27.17,000,25.626281
AAIT,3/30/12,	27.17,27.17,27.17,27.17,000,25.626281
AAIT,4/2/12,	27.17,27.17,27.17,27.17,000,25.626281
AAIT,4/3/12,	27.17,27.17,27.17,27.17,000,25.626281
AAIT,4/4/12,	27.17,27.17,27.17,27.17,000,25.626281
AAIT,4/5/12,	27.17,27.17,27.17,27.17,000,25.626281
AAIT,4/9/12,	28.48,28.48,28.48,28.48,100,26.86185
AAIT,4/10/12,	28.02,28.02,28.02,28.02,200,26.427987
AAIT,4/11/12,	28.02,28.02,28.02,28.02,000,26.427987
AAIT,4/12/12,	28.02,28.02,28.02,28.02,000,26.427987
AAIT,4/13/12,	28.02,28.02,28.02,28.02,000,26.427987
AAIT,4/16/12,	28.02,28.02,28.02,28.02,000,26.427987
AAIT,4/17/12,	28.02,28.02,28.02,28.02,000,26.427987
AAIT,4/18/12,	28.02,28.02,28.02,28.02,000,26.427987
AAIT,4/19/12,	28.02,28.02,28.02,28.02,000,26.427987
AAIT,4/20/12,	28.02,28.02,28.02,28.02,000,26.427987
AAIT,4/23/12,	28.02,28.02,28.02,28.02,000,26.427987
AAIT,4/24/12,	28.02,28.02,28.02,28.02,000,26.427987
AAIT,4/25/12,	28.02,28.02,28.02,28.02,000,26.427987
AAIT,4/26/12,	28.02,28.02,28.02,28.02,000,26.427987
AAIT,4/27/12,	28.02,28.02,28.02,28.02,000,26.427987
AAIT,4/30/12,	28.799999,28.799999,28.799999,28.799999,600,27.163668
AAIT,5/1/12,	28.799999,28.799999,28.799999,28.799999,000,27.163668
AAIT,5/2/12,	28.85,28.85,28.280001,28.280001,800,26.673214
AAIT,5/3/12,	28.200001,28.200001,28.200001,28.200001,400,26.59776
AAIT,5/4/12,	28.200001,28.200001,28.200001,28.200001,000,26.59776
AAIT,5/7/12,	27.74,27.74,27.74,27.74,200,26.163895
AAIT,5/8/12,	27.26,27.26,27.26,27.26,100,25.711167
AAIT,5/9/12,	27.26,27.26,27.26,27.26,000,25.711167
AAIT,5/10/12,	27.26,27.26,27.26,27.26,000,25.711167
AAIT,5/11/12,	27.26,27.26,27.26,27.26,000,25.711167
AAIT,5/14/12,	27.26,27.26,27.26,27.26,000,25.711167
AAIT,5/15/12,	26.57,26.57,26.57,26.57,300,25.060371
AAIT,5/16/12,	25.360001,25.559999,25.360001,25.559999,800,24.107756
AAIT,5/17/12,	25.559999,25.559999,25.559999,25.559999,000,24.107756
AAIT,5/18/12,	25.559999,25.559999,25.559999,25.559999,000,24.107756
AAIT,5/21/12,	25.559999,25.559999,25.559999,25.559999,000,24.107756
AAIT,5/22/12,	25.559999,25.559999,25.559999,25.559999,000,24.107756
AAIT,5/23/12,	25.559999,25.559999,25.559999,25.559999,000,24.107756
AAIT,5/24/12,	25.559999,25.559999,25.559999,25.559999,000,24.107756
AAIT,5/25/12,	25.559999,25.559999,25.559999,25.559999,000,24.107756
AAIT,5/29/12,	25.559999,25.559999,25.559999,25.559999,000,24.107756
AAIT,5/30/12,	25.559999,25.559999,25.559999,25.559999,000,24.107756
AAIT,5/31/12,	25.559999,25.559999,25.559999,25.559999,000,24.107756
AAIT,6/1/12,	24.48,24.48,24.48,24.48,300,23.089118
AAIT,6/4/12,	24.48,24.48,24.48,24.48,000,23.089118
AAIT,6/5/12,	24.48,24.48,24.48,24.48,000,23.089118
AAIT,6/6/12,	24.24,25.01,24.24,25.01,300,23.589006
AAIT,6/7/12,	25.43,25.51,25.43,25.51,700,24.060597
AAIT,6/8/12,	25.00,25.00,25.00,25.00,200,23.579574
AAIT,6/11/12,	26.120001,26.120001,26.120001,26.120001,100,24.635939
AAIT,6/12/12,	26.120001,26.120001,26.120001,26.120001,000,24.635939
AAIT,6/13/12,	26.120001,26.120001,26.120001,26.120001,000,24.635939
AAIT,6/14/12,	26.120001,26.120001,26.120001,26.120001,000,24.635939
AAIT,6/15/12,	26.120001,26.120001,26.120001,26.120001,000,24.635939
AAIT,6/18/12,	26.120001,26.120001,26.120001,26.120001,000,24.635939
AAIT,6/19/12,	26.120001,26.120001,26.120001,26.120001,000,24.635939
AAIT,6/20/12,	26.120001,26.120001,26.120001,26.120001,000,24.635939
AAIT,6/21/12,	26.120001,26.120001,26.120001,26.120001,000,24.657651
AAIT,6/22/12,	26.120001,26.120001,26.120001,26.120001,000,24.657651
AAIT,6/25/12,	26.120001,26.120001,26.120001,26.120001,000,24.657651
AAIT,6/26/12,	26.120001,26.120001,26.120001,26.120001,000,24.657651
AAIT,6/27/12,	26.120001,26.120001,26.120001,26.120001,000,24.657651
AAIT,6/28/12,	26.120001,26.120001,26.120001,26.120001,000,24.657651
AAIT,6/29/12,	26.120001,26.120001,26.120001,26.120001,000,24.657651
AAIT,7/2/12,	26.040001,26.040001,25.91,25.91,300,24.459408
AAIT,7/3/12,	25.91,25.91,25.91,25.91,000,24.459408
AAIT,7/5/12,	25.91,25.91,25.91,25.91,000,24.459408
AAIT,7/6/12,	25.91,25.91,25.91,25.91,000,24.459408
AAIT,7/9/12,	26.299999,26.299999,26.299999,26.299999,200,24.827573
AAIT,7/10/12,	26.299999,26.299999,26.299999,26.299999,000,24.827573
AAIT,7/11/12,	26.299999,26.299999,26.299999,26.299999,000,24.827573
AAIT,7/12/12,	26.299999,26.299999,26.299999,26.299999,000,24.827573
AAIT,7/13/12,	26.299999,26.299999,26.299999,26.299999,000,24.827573
AAIT,7/16/12,	26.299999,26.299999,26.299999,26.299999,000,24.827573
AAIT,7/17/12,	26.299999,26.299999,26.299999,26.299999,000,24.827573
AAIT,7/18/12,	26.299999,26.299999,26.299999,26.299999,000,24.827573
AAIT,7/19/12,	24.82,24.82,24.82,24.82,200,23.430432
AAIT,7/20/12,	24.82,24.82,24.82,24.82,000,23.430432
AAIT,7/23/12,	24.82,24.82,24.82,24.82,000,23.430432
AAIT,7/24/12,	24.82,24.82,24.82,24.82,000,23.430432
AAIT,7/25/12,	24.82,24.82,24.82,24.82,000,23.430432
AAIT,7/26/12,	24.82,24.82,24.82,24.82,000,23.430432
AAIT,7/27/12,	24.51,24.51,24.51,24.51,200,23.137788
AAIT,7/30/12,	24.51,24.51,24.51,24.51,000,23.137788
AAIT,7/31/12,	24.51,24.51,24.51,24.51,000,23.137788
AAIT,8/1/12,	25.40,25.40,25.40,25.40,1500,23.97796
AAIT,8/2/12,	25.40,25.40,25.40,25.40,000,23.97796
AAIT,8/3/12,	25.219999,26.00,25.219999,26.00,1500,24.544369
AAIT,8/6/12,	26.00,26.00,26.00,26.00,000,24.544369
AAIT,8/7/12,	26.00,26.00,26.00,26.00,000,24.544369
AAIT,8/8/12,	26.00,26.00,26.00,26.00,000,24.544369
AAIT,8/9/12,	26.00,26.00,26.00,26.00,000,24.544369
AAIT,8/10/12,	26.00,26.00,26.00,26.00,000,24.544369
AAIT,8/13/12,	26.00,26.00,26.00,26.00,000,24.544369
AAIT,8/14/12,	26.190001,26.190001,26.190001,26.190001,500,24.723732
AAIT,8/15/12,	26.040001,26.040001,26.040001,26.040001,200,24.58213
AAIT,8/16/12,	26.040001,26.040001,26.040001,26.040001,000,24.58213
AAIT,8/17/12,	26.040001,26.040001,26.040001,26.040001,000,24.58213
AAIT,8/20/12,	26.35,26.389999,26.35,26.389999,900,24.912534
AAIT,8/21/12,	26.549999,26.549999,26.549999,26.549999,200,25.063576
AAIT,8/22/12,	26.549999,26.549999,26.549999,26.549999,000,25.063576
AAIT,8/23/12,	26.549999,26.549999,26.549999,26.549999,000,25.063576
AAIT,8/24/12,	26.549999,26.549999,26.549999,26.549999,000,25.063576
AAIT,8/27/12,	26.549999,26.549999,26.549999,26.549999,000,25.063576
AAIT,8/28/12,	26.549999,26.549999,26.549999,26.549999,000,25.063576
AAIT,8/29/12,	26.549999,26.549999,26.549999,26.549999,000,25.063576
AAIT,8/30/12,	26.26,26.26,25.67,25.67,500,24.232844
AAIT,8/31/12,	25.67,25.67,25.67,25.67,000,24.232844
AAIT,9/4/12,	25.67,25.67,25.67,25.67,000,24.232844
AAIT,9/5/12,	25.23,25.280001,25.23,25.280001,500,23.864679
AAIT,9/6/12,	25.280001,25.280001,25.280001,25.280001,000,23.864679
AAIT,9/7/12,	25.280001,25.280001,25.280001,25.280001,000,23.864679
AAIT,9/10/12,	25.280001,25.280001,25.280001,25.280001,000,23.864679
AAIT,9/11/12,	25.280001,25.280001,25.280001,25.280001,000,23.864679
AAIT,9/12/12,	25.280001,25.280001,25.280001,25.280001,000,23.864679
AAIT,9/13/12,	25.280001,25.280001,25.280001,25.280001,000,23.864679
AAIT,9/14/12,	25.280001,25.280001,25.280001,25.280001,000,23.864679
AAIT,9/17/12,	25.280001,25.280001,25.280001,25.280001,000,23.864679
AAIT,9/18/12,	25.280001,25.280001,25.280001,25.280001,000,23.864679
AAIT,9/19/12,	27.51,27.51,27.49,27.49,1400,25.95095
AAIT,9/20/12,	27.49,27.49,27.49,27.49,000,25.95095
AAIT,9/21/12,	27.49,27.49,27.49,27.49,000,25.95095
AAIT,9/24/12,	27.49,27.49,27.49,27.49,000,25.95095
AAIT,9/25/12,	27.24,27.32,27.24,27.24,400,25.714946
AAIT,9/26/12,	27.24,27.24,27.24,27.24,000,25.714946
AAIT,9/27/12,	27.24,27.24,27.24,27.24,000,25.714946
AAIT,9/28/12,	27.24,27.24,27.24,27.24,000,25.714946
AAIT,10/1/12,	27.24,27.24,27.24,27.24,000,25.714946
AAIT,10/2/12,	27.24,27.24,27.24,27.24,000,25.714946
AAIT,10/3/12,	27.24,27.24,27.24,27.24,000,25.714946
AAIT,10/4/12,	27.24,27.24,27.24,27.24,000,25.714946
AAIT,10/5/12,	27.52,27.68,27.52,27.68,500,26.130313
AAIT,10/8/12,	27.68,27.68,27.68,27.68,000,26.130313
AAIT,10/9/12,	27.68,27.68,27.68,27.68,000,26.130313
AAIT,10/10/12,	26.23,26.23,26.200001,26.200001,400,24.733173
AAIT,10/11/12,	26.200001,26.200001,26.200001,26.200001,000,24.733173
AAIT,10/12/12,	26.200001,26.200001,26.200001,26.200001,000,24.733173
AAIT,10/15/12,	26.200001,26.200001,26.200001,26.200001,000,24.733173
AAIT,10/16/12,	26.200001,26.200001,26.200001,26.200001,000,24.733173
AAIT,10/17/12,	26.200001,26.200001,26.200001,26.200001,000,24.733173
AAIT,10/18/12,	26.200001,26.200001,26.200001,26.200001,000,24.733173
AAIT,10/19/12,	26.200001,26.200001,26.200001,26.200001,000,24.733173
AAIT,10/22/12,	26.200001,26.200001,26.200001,26.200001,000,24.733173
AAIT,10/23/12,	26.200001,26.200001,26.200001,26.200001,000,24.733173
AAIT,10/24/12,	26.200001,26.200001,26.200001,26.200001,000,24.733173
AAIT,10/25/12,	26.200001,26.200001,26.200001,26.200001,000,24.733173
AAIT,10/26/12,	26.299999,26.299999,26.299999,26.299999,200,24.827573
AAIT,10/31/12,	26.719999,34.439999,26.719999,26.76,3800,25.26182
AAIT,11/1/12,	26.90,26.99,26.90,26.940001,600,25.431743
AAIT,11/2/12,	26.67,26.67,26.67,26.67,200,25.176859
AAIT,11/5/12,	26.82,26.82,26.82,26.82,200,25.31846
AAIT,11/6/12,	26.82,26.82,26.82,26.82,000,25.31846
AAIT,11/7/12,	26.82,26.82,26.82,26.82,000,25.31846
AAIT,11/8/12,	26.75,26.75,26.59,26.59,700,25.101337
AAIT,11/9/12,	26.709999,26.809999,26.709999,26.75,700,25.25238
AAIT,11/12/12,	26.75,26.75,26.75,26.75,000,25.25238
AAIT,11/13/12,	26.549999,26.549999,26.549999,26.549999,400,25.063576
AAIT,11/14/12,	26.360001,26.379999,26.360001,26.379999,400,24.903094
AAIT,11/15/12,	26.549999,26.549999,26.48,26.48,1000,24.997495
AAIT,11/16/12,	26.48,26.48,26.48,26.48,000,24.997495
AAIT,11/19/12,	26.969999,26.969999,26.969999,26.969999,300,25.460062
AAIT,11/20/12,	27.51,27.51,26.950001,26.950001,500,25.441183
AAIT,11/21/12,	27.24,27.24,27.24,27.24,100,25.714946
AAIT,11/23/12,	27.950001,28.540001,27.950001,28.10,5400,26.526799
AAIT,11/26/12,	28.33,28.33,27.52,28.01,7800,26.441838
AAIT,11/27/12,	28.25,28.25,27.969999,27.98,1500,26.413517
AAIT,11/28/12,	27.700001,27.83,27.690001,27.780001,3000,26.224715
AAIT,11/29/12,	28.15,28.15,28.15,28.15,200,26.573999
AAIT,11/30/12,	28.17,28.290001,28.120001,28.139999,5000,26.564559
AAIT,12/3/12,	28.25,28.370001,28.15,28.280001,8400,26.696722
AAIT,12/4/12,	28.209999,28.43,28.209999,28.389999,6800,26.800562
AAIT,12/5/12,	28.379999,28.50,28.360001,28.469999,5700,26.876083
AAIT,12/6/12,	28.280001,28.34,28.25,28.299999,3000,26.715601
AAIT,12/7/12,	28.469999,28.469999,28.18,28.450001,4300,26.857204
AAIT,12/10/12,	28.40,28.629999,28.40,28.629999,3900,27.027126
AAIT,12/11/12,	28.40,28.52,28.40,28.48,4700,26.885524
AAIT,12/12/12,	28.629999,28.860001,28.57,28.65,11000,27.046006
AAIT,12/13/12,	28.809999,29.02,28.67,28.799999,6200,27.187608
AAIT,12/14/12,	29.780001,29.780001,28.530001,28.530001,22000,26.932726
AAIT,12/17/12,	27.959999,28.459999,27.959999,28.290001,78000,26.706162
AAIT,12/18/12,	27.530001,27.530001,26.950001,27.32,54800,26.738458
AAIT,12/19/12,	27.42,27.73,27.35,27.700001,84800,27.11037
AAIT,12/20/12,	27.92,27.92,27.129999,27.59,28400,27.002711
AAIT,12/21/12,	27.059999,27.129999,26.83,26.98,38800,26.405695
AAIT,12/24/12,	28.09,28.09,27.15,27.190001,6200,26.611226
AAIT,12/26/12,	27.15,27.35,27.15,27.25,3600,26.669948
AAIT,12/27/12,	27.700001,27.700001,27.129999,27.299999,4100,26.718883
AAIT,12/28/12,	27.450001,27.57,27.379999,27.379999,7600,26.79718
AAIT,12/31/12,	28.110001,28.110001,27.639999,27.690001,800,27.100583
AAIT,1/2/13,	28.59,28.67,28.59,28.60,1000,27.991212
AAIT,1/3/13,	28.530001,28.530001,28.27,28.360001,7600,27.756321
AAIT,1/4/13,	29.120001,29.120001,28.00,28.219999,4600,27.6193
AAIT,1/7/13,	28.459999,28.459999,28.200001,28.200001,6400,27.599727
AAIT,1/8/13,	28.10,28.10,27.27,27.27,4500,26.689523
AAIT,1/9/13,	27.92,27.92,27.52,27.709999,4800,27.120155
AAIT,1/10/13,	28.02,28.09,27.889999,28.09,3400,27.492068
AAIT,1/11/13,	28.530001,28.530001,28.139999,28.139999,4600,27.541003
AAIT,1/14/13,	29.049999,29.049999,28.27,28.309999,18500,27.707384
AAIT,1/15/13,	28.57,28.57,27.940001,28.25,5000,27.648662
AAIT,1/16/13,	28.00,28.26,28.00,28.00,5900,27.403983
AAIT,1/17/13,	28.42,28.42,28.00,28.209999,1000,27.609512
AAIT,1/18/13,	29.030001,29.030001,28.219999,28.25,2200,27.648662
AAIT,1/22/13,	28.57,28.57,27.950001,27.950001,5800,27.355048
AAIT,1/23/13,	27.809999,27.959999,27.610001,27.93,7900,27.335474
AAIT,1/24/13,	27.780001,27.879999,27.780001,27.879999,1000,27.286537
AAIT,1/25/13,	28.129999,28.129999,27.389999,27.42,6200,26.836329
AAIT,1/28/13,	27.08,27.200001,27.08,27.190001,1700,26.611226
AAIT,1/29/13,	27.35,27.73,27.35,27.51,5400,26.924414
AAIT,1/30/13,	28.200001,28.200001,27.57,27.83,5100,27.237602
AAIT,1/31/13,	28.17,28.17,27.559999,27.620001,7700,27.032073
AAIT,2/1/13,	27.52,27.799999,27.50,27.799999,1900,27.20824
AAIT,2/4/13,	27.559999,27.790001,27.309999,27.309999,9400,26.72867
AAIT,2/5/13,	27.40,27.530001,27.370001,27.459999,1100,26.875477
AAIT,2/6/13,	26.82,27.459999,26.82,27.43,3700,26.846117
AAIT,2/7/13,	27.309999,27.309999,27.290001,27.290001,400,26.709098
AAIT,2/8/13,	27.290001,27.290001,27.290001,27.290001,000,26.709098
AAIT,2/11/13,	27.379999,27.629999,27.379999,27.48,4300,26.895052
AAIT,2/12/13,	27.540001,27.549999,27.49,27.49,2400,26.904839
AAIT,2/13/13,	27.57,27.719999,27.559999,27.66,4200,27.071221
AAIT,2/14/13,	27.690001,27.719999,27.68,27.719999,700,27.129943
AAIT,2/15/13,	27.690001,27.700001,27.690001,27.700001,200,27.11037
AAIT,2/19/13,	27.700001,27.83,27.700001,27.83,2100,27.237602
AAIT,2/20/13,	28.24,28.25,28.030001,28.030001,1000,27.433345
AAIT,2/21/13,	28.24,28.24,27.68,27.700001,1500,27.11037
AAIT,2/22/13,	27.889999,28.049999,27.82,28.049999,6800,27.452918
AAIT,2/25/13,	28.59,28.59,27.969999,27.969999,6700,27.374621
AAIT,2/26/13,	28.00,28.040001,27.73,27.860001,2200,27.266964
AAIT,2/27/13,	27.76,28.35,27.76,28.35,1900,27.746534
AAIT,2/28/13,	28.389999,28.57,28.370001,28.41,2000,27.805256
AAIT,3/1/13,	28.82,28.82,28.040001,28.10,6100,27.501855
AAIT,3/4/13,	28.02,28.030001,27.889999,28.030001,2100,27.433345
AAIT,3/5/13,	28.40,28.40,28.40,28.40,100,27.795468
AAIT,3/6/13,	28.799999,28.799999,28.40,28.50,1300,27.89334
AAIT,3/7/13,	28.74,28.74,28.309999,28.32,1900,27.717171
AAIT,3/8/13,	28.32,28.32,28.32,28.32,000,27.717171
AAIT,3/11/13,	28.620001,28.620001,28.07,28.10,400,27.501855
AAIT,3/12/13,	28.08,28.10,27.85,27.969999,2500,27.374621
AAIT,3/13/13,	28.129999,28.18,28.129999,28.15,1200,27.55079
AAIT,3/14/13,	28.219999,28.23,28.10,28.200001,1600,27.599727
AAIT,3/15/13,	28.379999,28.379999,27.799999,27.969999,3900,27.374621
AAIT,3/18/13,	28.50,28.50,27.889999,27.90,5100,27.306112
AAIT,3/19/13,	27.43,28.02,27.43,27.75,4400,27.159305
AAIT,3/20/13,	27.76,28.02,27.65,27.76,5000,27.169092
AAIT,3/21/13,	28.129999,28.129999,27.40,27.65,12200,27.061433
AAIT,3/22/13,	27.52,27.57,27.50,27.549999,800,26.963561
AAIT,3/25/13,	27.84,27.84,27.74,27.74,300,27.149518
AAIT,3/26/13,	28.15,28.15,28.15,28.15,200,27.55079
AAIT,3/27/13,	28.290001,28.299999,28.200001,28.299999,700,27.697597
AAIT,3/28/13,	28.299999,28.299999,28.299999,28.299999,000,27.697597
AAIT,4/1/13,	28.43,28.43,27.780001,27.780001,5000,27.188667
AAIT,4/2/13,	27.77,27.99,27.77,27.940001,1200,27.345261
AAIT,4/3/13,	27.469999,27.85,27.469999,27.75,400,27.159305
AAIT,4/4/13,	27.389999,27.83,27.389999,27.83,500,27.237602
AAIT,4/5/13,	27.74,27.74,27.25,27.370001,4300,26.787395
AAIT,4/8/13,	27.370001,27.389999,27.23,27.26,1200,26.679735
AAIT,4/9/13,	26.690001,27.700001,26.690001,27.68,1400,27.090795
AAIT,4/10/13,	26.700001,28.08,26.700001,28.049999,2900,27.452918
AAIT,4/11/13,	28.110001,28.459999,28.07,28.07,2900,27.472493
AAIT,4/12/13,	28.07,28.07,28.07,28.07,000,27.472493
AAIT,4/15/13,	28.00,28.00,27.50,27.50,1600,26.914627
AAIT,4/16/13,	27.83,27.879999,27.709999,27.85,1000,27.257177
AAIT,4/17/13,	27.60,27.60,27.60,27.60,200,27.012498
AAIT,4/18/13,	27.639999,27.639999,27.50,27.58,800,26.992924
AAIT,4/19/13,	27.77,28.200001,27.77,28.200001,800,27.599727
AAIT,4/22/13,	27.969999,28.290001,27.969999,28.26,1800,27.658449
AAIT,4/23/13,	28.10,28.35,28.10,28.35,1700,27.746534
AAIT,4/24/13,	28.290001,28.639999,28.280001,28.42,1800,27.815043
AAIT,4/25/13,	28.58,28.780001,28.58,28.690001,3000,28.079296
AAIT,4/26/13,	28.440001,28.440001,28.18,28.18,1400,27.580152
AAIT,4/29/13,	28.27,28.85,28.27,28.49,9500,27.883553
AAIT,4/30/13,	28.389999,29.10,28.389999,29.10,500,28.480569
AAIT,5/1/13,	28.870001,28.870001,28.870001,28.870001,100,28.255465
AAIT,5/2/13,	28.870001,28.870001,28.870001,28.870001,000,28.255465
AAIT,5/3/13,	28.879999,29.50,28.82,29.02,3400,28.402272
AAIT,5/6/13,	29.27,29.27,29.27,29.27,100,28.64695
AAIT,5/7/13,	28.950001,29.370001,28.950001,29.309999,2200,28.686098
AAIT,5/8/13,	29.700001,29.700001,29.700001,29.700001,100,29.067797
AAIT,5/9/13,	29.860001,29.860001,29.049999,29.40,7800,28.774182
AAIT,5/10/13,	29.15,29.280001,29.129999,29.280001,1200,28.656738
AAIT,5/13/13,	29.52,29.52,29.08,29.08,800,28.460994
AAIT,5/14/13,	29.52,29.52,29.52,29.52,100,28.891629
AAIT,5/15/13,	29.40,29.50,29.32,29.50,700,28.872054
AAIT,5/16/13,	29.74,29.74,29.610001,29.68,1500,29.048223
AAIT,5/17/13,	29.780001,29.780001,29.76,29.76,700,29.12652
AAIT,5/20/13,	29.90,30.00,29.90,29.950001,3700,29.312476
AAIT,5/21/13,	29.950001,29.950001,29.950001,29.950001,000,29.312476
AAIT,5/22/13,	30.27,30.27,29.73,29.790001,3700,29.155882
AAIT,5/23/13,	29.60,29.60,28.719999,29.00,6500,28.382697
AAIT,5/24/13,	29.32,29.32,28.90,29.08,4900,28.460994
AAIT,5/28/13,	29.370001,29.370001,28.66,28.690001,1100,28.079296
AAIT,5/29/13,	29.33,29.33,28.82,29.08,17600,28.460994
AAIT,5/30/13,	29.08,29.33,29.030001,29.25,8200,28.627375
AAIT,5/31/13,	29.219999,29.219999,28.780001,28.85,3500,28.23589
AAIT,6/3/13,	28.25,28.879999,28.25,28.879999,1300,28.265251
AAIT,6/4/13,	29.49,29.49,28.48,28.82,9100,28.206528
AAIT,6/5/13,	28.92,28.92,28.25,28.25,7100,27.648662
AAIT,6/6/13,	28.08,28.389999,28.08,28.219999,9500,27.6193
AAIT,6/7/13,	28.09,28.700001,28.02,28.02,12100,27.423558
AAIT,6/10/13,	28.42,28.780001,28.42,28.610001,1300,28.000999
AAIT,6/11/13,	28.00,28.379999,27.50,28.00,3400,27.403983
AAIT,6/12/13,	28.10,28.10,27.77,27.969999,1800,27.374621
AAIT,6/13/13,	27.51,27.99,27.51,27.99,2400,27.394196
AAIT,6/14/13,	28.09,28.09,27.559999,27.559999,1500,26.973349
AAIT,6/17/13,	27.879999,27.879999,27.879999,27.879999,800,27.286537
AAIT,6/18/13,	27.889999,27.99,27.889999,27.950001,4200,27.355048
AAIT,6/19/13,	28.200001,28.200001,27.940001,27.940001,1200,27.345261
AAIT,6/20/13,	27.50,27.50,26.27,26.32,9700,25.759744
AAIT,6/21/13,	26.52,26.639999,26.459999,26.559999,2100,25.994635
AAIT,6/24/13,	26.08,26.200001,25.709999,26.200001,3200,25.642299
AAIT,6/25/13,	26.200001,26.450001,26.10,26.450001,3500,25.886978
AAIT,6/26/13,	26.440001,26.450001,26.440001,26.450001,500,25.886978
AAIT,6/27/13,	26.959999,27.540001,26.92,27.139999,4800,26.587419
AAIT,6/28/13,	27.030001,27.26,27.030001,27.18,500,26.626606
AAIT,7/1/13,	27.879999,27.98,27.48,27.549999,8100,26.989072
AAIT,7/2/13,	27.690001,27.83,27.370001,27.50,2700,26.94009
AAIT,7/3/13,	27.50,27.50,27.50,27.50,000,26.94009
AAIT,7/5/13,	26.959999,27.32,26.959999,27.23,7400,26.675587
AAIT,7/8/13,	27.360001,27.459999,27.15,27.42,7700,26.861719
AAIT,7/9/13,	27.59,27.60,27.15,27.309999,9900,26.753958
AAIT,7/10/13,	27.290001,27.360001,27.129999,27.299999,2600,26.744162
AAIT,7/11/13,	28.34,28.34,27.99,28.09,1000,27.518078
AAIT,7/12/13,	28.459999,28.459999,28.379999,28.379999,400,27.802172
AAIT,7/15/13,	28.459999,28.790001,28.309999,28.59,4200,28.007898
AAIT,7/16/13,	28.639999,28.639999,28.40,28.51,600,27.929527
AAIT,7/17/13,	28.360001,28.92,28.32,28.889999,1400,28.301789
AAIT,7/18/13,	28.719999,28.719999,28.48,28.48,500,27.900137
AAIT,7/19/13,	28.139999,28.139999,28.139999,28.139999,100,27.567059
AAIT,7/22/13,	27.719999,27.719999,27.719999,27.719999,400,27.15561
AAIT,7/23/13,	27.84,27.84,27.84,27.84,900,27.273168
AAIT,7/24/13,	27.84,27.84,27.84,27.84,000,27.273168
AAIT,7/25/13,	28.40,28.40,27.889999,28.370001,2200,27.792378
AAIT,7/26/13,	28.110001,28.110001,27.719999,27.99,800,27.420114
AAIT,7/29/13,	27.290001,27.91,27.290001,27.91,1000,27.341742
AAIT,7/30/13,	27.43,27.49,27.43,27.469999,900,26.9107
AAIT,7/31/13,	27.77,27.77,27.77,27.77,200,27.204594
AAIT,8/1/13,	28.26,28.290001,27.559999,27.559999,1000,26.998868
AAIT,8/2/13,	27.32,28.290001,27.32,27.530001,2400,26.96948
AAIT,8/5/13,	27.620001,28.08,27.59,27.59,500,27.028258
AAIT,8/6/13,	28.09,28.09,28.09,28.09,100,27.518078
AAIT,8/7/13,	27.50,27.610001,27.50,27.540001,600,26.979277
AAIT,8/8/13,	27.540001,27.540001,27.540001,27.540001,000,26.979277
AAIT,8/9/13,	27.719999,27.82,27.719999,27.780001,800,27.21439
AAIT,8/12/13,	27.690001,27.690001,27.16,27.16,1300,26.607013
AAIT,8/13/13,	28.10,28.10,27.629999,27.629999,1300,27.067443
AAIT,8/14/13,	27.389999,27.99,27.379999,27.58,2700,27.018461
AAIT,8/15/13,	27.629999,27.629999,27.459999,27.459999,300,26.900904
AAIT,8/16/13,	28.120001,28.120001,27.549999,27.98,3100,27.410317
AAIT,8/19/13,	27.60,27.60,27.110001,27.200001,1000,26.646199
AAIT,8/20/13,	27.200001,27.200001,27.200001,27.200001,000,26.646199
AAIT,8/21/13,	27.200001,27.200001,27.200001,27.200001,200,26.646199
AAIT,8/22/13,	27.209999,27.40,26.73,26.73,2000,26.185767
AAIT,8/23/13,	27.879999,27.879999,27.879999,27.879999,100,27.312353
AAIT,8/26/13,	28.32,28.32,27.26,27.66,1600,27.096833
AAIT,8/27/13,	27.27,27.65,27.27,27.27,1200,26.714774
AAIT,8/28/13,	27.610001,27.629999,27.610001,27.629999,300,27.067443
AAIT,8/29/13,	27.629999,27.629999,27.629999,27.629999,000,27.067443
AAIT,8/30/13,	27.629999,27.629999,27.629999,27.629999,000,27.067443
AAIT,9/3/13,	28.389999,28.389999,28.370001,28.370001,300,27.792378
AAIT,9/4/13,	28.07,28.389999,28.059999,28.35,3800,27.772784
AAIT,9/5/13,	28.23,28.23,28.23,28.23,100,27.655227
AAIT,9/6/13,	28.40,28.40,28.379999,28.40,600,27.821766
AAIT,9/9/13,	28.40,28.40,28.40,28.40,000,27.821766
AAIT,9/10/13,	29.00,29.549999,29.00,29.129999,25400,28.536902
AAIT,9/11/13,	29.57,29.57,29.57,29.57,100,28.967944
AAIT,9/12/13,	29.57,29.57,29.57,29.57,000,28.967944
AAIT,9/13/13,	29.57,29.57,29.57,29.57,000,28.967944
AAIT,9/16/13,	29.450001,29.65,29.450001,29.50,2200,28.89937
AAIT,9/17/13,	29.60,29.83,29.32,29.32,11000,28.723034
AAIT,9/18/13,	29.809999,30.15,29.440001,29.91,6100,29.301022
AAIT,9/19/13,	30.57,30.57,30.34,30.370001,1500,29.751657
AAIT,9/20/13,	30.25,30.26,29.41,29.41,1000,28.811202
AAIT,9/23/13,	29.85,29.85,29.60,29.65,800,29.046315
AAIT,9/24/13,	29.65,29.65,29.65,29.65,000,29.046315
AAIT,9/25/13,	30.200001,30.200001,29.85,29.85,400,29.242244
AAIT,9/26/13,	30.16,30.16,30.00,30.00,3900,29.389189
AAIT,9/27/13,	29.74,29.76,29.74,29.76,200,29.154076
AAIT,9/30/13,	29.60,29.60,29.60,29.60,400,28.997334
AAIT,10/1/13,	29.60,29.60,29.60,29.60,000,28.997334
AAIT,10/2/13,	29.60,29.60,29.60,29.60,000,28.997334
AAIT,10/3/13,	29.639999,29.639999,29.639999,29.639999,1600,29.036519
AAIT,10/4/13,	30.15,30.15,29.82,29.82,1600,29.212854
AAIT,10/7/13,	30.00,30.07,30.00,30.07,400,29.457764
AAIT,10/8/13,	29.99,29.99,29.98,29.98,500,29.369596
AAIT,10/9/13,	29.610001,29.610001,29.610001,29.610001,200,29.007131
AAIT,10/10/13,	30.10,30.299999,29.870001,30.299999,1500,29.683081
AAIT,10/11/13,	30.299999,30.299999,30.299999,30.299999,000,29.683081
AAIT,10/14/13,	30.82,30.82,30.35,30.35,1800,29.732064
AAIT,10/15/13,	30.299999,30.700001,30.299999,30.469999,1700,29.849619
AAIT,10/16/13,	30.469999,30.469999,30.469999,30.469999,000,29.849619
AAIT,10/17/13,	31.049999,31.049999,30.65,30.75,3100,30.123919
AAIT,10/18/13,	31.67,31.67,30.639999,30.639999,400,30.016158
AAIT,10/21/13,	30.639999,30.99,30.639999,30.99,900,30.359033
AAIT,10/22/13,	31.00,31.00,31.00,31.00,100,30.368829
AAIT,10/23/13,	30.959999,30.959999,30.60,30.60,1900,29.976974
AAIT,10/24/13,	31.01,31.040001,31.01,31.040001,700,30.408016
AAIT,10/25/13,	31.040001,31.040001,30.83,30.90,500,30.270865
AAIT,10/28/13,	30.48,31.24,30.48,31.23,2900,30.594146
AAIT,10/29/13,	31.620001,31.620001,31.290001,31.290001,600,30.652926
AAIT,10/30/13,	31.73,31.73,31.389999,31.389999,600,30.750888
AAIT,10/31/13,	31.440001,31.440001,31.120001,31.129999,800,30.496181
AAIT,11/1/13,	31.23,31.23,31.23,31.23,100,30.594146
AAIT,11/4/13,	30.549999,31.07,30.549999,31.07,700,30.437404
AAIT,11/5/13,	30.82,30.83,30.82,30.83,900,30.20229
AAIT,11/6/13,	31.200001,31.200001,30.860001,30.860001,4100,30.23168
AAIT,11/7/13,	30.549999,30.549999,30.50,30.549999,4000,29.927991
AAIT,11/8/13,	30.27,30.27,30.27,30.27,300,29.653693
AAIT,11/11/13,	30.440001,30.440001,30.34,30.34,400,29.722267
AAIT,11/12/13,	30.690001,30.690001,30.52,30.52,600,29.898603
AAIT,11/13/13,	32.00,32.00,30.200001,30.559999,3500,29.937787
AAIT,11/14/13,	30.66,30.92,30.66,30.92,1000,30.290458
AAIT,11/15/13,	31.370001,31.52,31.00,31.48,2400,30.839056
AAIT,11/18/13,	31.60,31.65,31.50,31.65,1000,31.005595
AAIT,11/19/13,	32.040001,32.040001,31.18,31.530001,1000,30.888039
AAIT,11/20/13,	31.389999,31.40,31.18,31.18,1900,30.545165
AAIT,11/21/13,	31.139999,31.18,31.139999,31.18,900,30.545165
AAIT,11/22/13,	31.049999,31.43,31.049999,31.43,700,30.790074
AAIT,11/25/13,	31.83,31.83,31.83,31.83,200,31.18193
AAIT,11/26/13,	31.58,31.67,31.219999,31.67,700,31.025188
AAIT,11/27/13,	31.07,31.07,31.07,31.07,100,30.437404
AAIT,11/29/13,	31.07,31.07,31.07,31.07,000,30.437404
AAIT,12/2/13,	32.07,32.07,31.120001,31.120001,900,30.486387
AAIT,12/3/13,	32.240002,32.240002,31.00,31.00,1300,30.368829
AAIT,12/4/13,	31.74,31.74,31.74,31.74,300,31.093762
AAIT,12/5/13,	31.01,31.530001,31.00,31.530001,1300,30.888039
AAIT,12/6/13,	32.00,32.16,32.00,32.16,500,31.505211
AAIT,12/9/13,	32.18,32.259998,31.58,31.83,30500,31.18193
AAIT,12/10/13,	32.00,32.080002,31.50,31.58,17400,30.93702
AAIT,12/11/13,	31.799999,31.799999,31.24,31.24,2600,30.603942
AAIT,12/12/13,	31.299999,31.299999,30.969999,31.030001,800,30.398219
AAIT,12/13/13,	31.15,31.15,30.66,30.959999,2700,30.329643
AAIT,12/16/13,	31.530001,31.530001,31.530001,31.530001,400,30.888039
AAIT,12/17/13,	31.879999,31.879999,31.879999,31.879999,700,31.230911
AAIT,12/18/13,	31.75,31.870001,30.77,31.870001,1200,31.473854
AAIT,12/19/13,	31.66,31.68,31.66,31.68,300,31.286216
AAIT,12/20/13,	31.059999,31.059999,31.059999,31.059999,300,30.673921
AAIT,12/23/13,	31.719999,31.719999,31.120001,31.57,700,31.177582
AAIT,12/24/13,	31.059999,31.059999,31.059999,31.059999,100,30.673921
AAIT,12/26/13,	31.059999,31.059999,31.059999,31.059999,000,30.673921
AAIT,12/27/13,	31.059999,31.059999,31.059999,31.059999,000,30.673921
AAIT,12/30/13,	31.559999,31.98,31.530001,31.530001,1100,31.138081
AAIT,12/31/13,	32.380001,32.380001,31.66,31.66,600,31.266464
AAIT,1/2/14,	31.969999,31.969999,31.969999,31.969999,200,31.57261
AAIT,1/3/14,	31.84,31.84,31.40,31.67,3800,31.27634
AAIT,1/6/14,	31.08,31.10,30.98,31.10,1300,30.713425
AAIT,1/7/14,	31.780001,31.780001,30.790001,30.809999,1500,30.427029
AAIT,1/8/14,	30.93,31.200001,30.93,31.200001,3000,30.812183
AAIT,1/9/14,	30.84,30.84,30.84,30.84,500,30.456657
AAIT,1/10/14,	31.139999,32.220001,31.120001,32.220001,1800,31.819504
AAIT,1/13/14,	31.969999,32.049999,31.940001,32.040001,15400,31.641741
AAIT,1/14/14,	31.950001,32.369999,31.950001,32.369999,500,31.967638
AAIT,1/15/14,	32.400002,32.400002,32.400002,32.400002,200,31.997267
AAIT,1/16/14,	31.75,31.82,31.75,31.82,800,31.424475
AAIT,1/17/14,	31.690001,32.50,31.690001,32.490002,3100,32.086149
AAIT,1/21/14,	32.189999,32.470001,31.58,31.68,2800,31.286216
AAIT,1/22/14,	32.259998,32.27,32.23,32.23,1700,31.829378
AAIT,1/23/14,	32.50,32.50,32.169998,32.169998,700,31.770123
AAIT,1/24/14,	32.220001,32.220001,31.43,31.43,4500,31.039323
AAIT,1/27/14,	32.970001,32.970001,30.58,30.709999,18100,30.328272
AAIT,1/28/14,	31.190001,31.190001,30.67,30.73,2200,30.348023
AAIT,1/29/14,	31.50,31.50,28.82,30.200001,3800,29.824613
AAIT,1/30/14,	30.98,30.98,30.50,30.549999,1900,30.170261
AAIT,1/31/14,	30.190001,31.18,30.190001,30.24,1100,29.864114
AAIT,2/3/14,	30.889999,30.889999,29.85,29.85,2200,29.478963
AAIT,2/4/14,	29.85,29.85,29.85,29.85,000,29.478963
AAIT,2/5/14,	29.93,30.690001,29.93,30.52,2400,30.140635
AAIT,2/6/14,	30.59,31.17,30.59,31.139999,700,30.752927
AAIT,2/7/14,	30.459999,30.65,30.459999,30.65,400,30.269018
AAIT,2/10/14,	30.469999,30.60,30.440001,30.48,1400,30.101131
AAIT,2/11/14,	30.66,31.950001,30.66,31.940001,1900,31.542984
AAIT,2/12/14,	31.93,31.93,31.24,31.24,1200,30.851684
AAIT,2/13/14,	31.52,31.83,31.52,31.83,2300,31.434351
AAIT,2/14/14,	31.65,31.65,31.40,31.40,400,31.009695
AAIT,2/18/14,	31.549999,32.490002,31.549999,32.490002,900,32.086149
AAIT,2/19/14,	32.759998,32.759998,32.549999,32.549999,500,32.1454
AAIT,2/20/14,	32.709999,32.709999,31.110001,31.27,1200,30.881312
AAIT,2/21/14,	31.27,31.27,31.27,31.27,000,30.881312
AAIT,2/24/14,	32.00,32.400002,31.90,31.90,6000,31.50348
AAIT,2/25/14,	33.310001,33.310001,32.18,32.200001,2800,31.799752
AAIT,2/26/14,	32.630001,32.630001,31.870001,31.870001,1300,31.473854
AAIT,2/27/14,	32.200001,32.98,32.200001,32.259998,5200,31.859004
AAIT,2/28/14,	33.189999,33.189999,33.150002,33.150002,800,32.737945
AAIT,3/3/14,	31.83,32.689999,31.549999,32.630001,4300,32.224408
AAIT,3/4/14,	32.630001,32.630001,32.630001,32.630001,000,32.224408
AAIT,3/5/14,	33.779999,33.779999,32.310001,32.360001,1200,31.957763
AAIT,3/6/14,	32.540001,33.849998,32.540001,32.740002,30800,32.333041
AAIT,3/7/14,	33.709999,33.709999,32.50,33.349998,11600,32.935456
AAIT,3/10/14,	34.630001,34.630001,32.419998,32.450001,900,32.046645
AAIT,3/11/14,	32.080002,32.939999,31.91,31.91,800,31.513356
AAIT,3/12/14,	31.799999,31.799999,31.799999,31.799999,200,31.404723
AAIT,3/13/14,	33.119999,33.119999,31.719999,31.719999,1000,31.325717
AAIT,3/14/14,	33.369999,33.369999,31.559999,31.559999,3300,31.167706
AAIT,3/17/14,	31.120001,31.870001,31.120001,31.40,61700,31.009695
AAIT,3/18/14,	31.42,31.42,31.290001,31.290001,1000,30.901064
AAIT,3/19/14,	31.15,31.15,31.15,31.15,1100,30.762803
AAIT,3/20/14,	31.15,31.15,31.15,31.15,000,30.762803
AAIT,3/21/14,	30.92,31.43,30.92,30.959999,1600,30.575164
AAIT,3/24/14,	31.10,31.290001,30.969999,31.110001,14600,30.723301
AAIT,3/25/14,	31.10,31.43,30.870001,31.40,5600,31.009695
AAIT,3/26/14,	31.559999,31.76,31.309999,31.76,1000,31.365221
AAIT,3/27/14,	31.85,31.85,31.50,31.50,700,31.108453
AAIT,3/28/14,	31.74,31.85,31.74,31.85,900,31.454103
AAIT,3/31/14,	32.07,32.07,32.07,32.07,1000,31.671367
AAIT,4/1/14,	32.330002,32.330002,32.169998,32.169998,900,31.770123
AAIT,4/2/14,	32.50,32.509998,32.450001,32.509998,500,32.105897
AAIT,4/3/14,	32.490002,32.490002,32.490002,32.490002,200,32.086149
AAIT,4/4/14,	32.540001,32.540001,32.380001,32.380001,400,31.977515
AAIT,4/7/14,	31.92,31.92,31.92,31.92,200,31.523232
AAIT,4/8/14,	31.93,32.080002,31.93,31.969999,800,31.57261
AAIT,4/9/14,	32.02,32.439999,32.02,32.23,5400,31.829378
AAIT,4/10/14,	32.07,32.07,31.85,31.85,1600,31.454103
AAIT,4/11/14,	31.85,31.85,31.85,31.85,000,31.454103
AAIT,4/14/14,	31.889999,31.889999,31.700001,31.700001,900,31.305967
AAIT,4/15/14,	31.700001,31.700001,31.700001,31.700001,200,31.305967
AAIT,4/16/14,	32.23,32.23,32.23,32.23,100,31.829378
AAIT,4/17/14,	32.50,32.50,32.50,32.50,300,32.096023
AAIT,4/21/14,	32.50,32.50,32.50,32.50,000,32.096023
AAIT,4/22/14,	32.50,32.50,32.50,32.50,000,32.096023
AAIT,4/23/14,	32.50,32.50,32.50,32.50,100,32.096023
AAIT,4/24/14,	32.18,32.18,32.18,32.18,200,31.780001
AAIT,4/25/14,	31.799999,31.799999,31.799999,31.799999,300,31.404723
AAIT,4/28/14,	31.790001,32.23,31.790001,31.90,1300,31.50348
AAIT,4/29/14,	31.90,31.90,31.879999,31.879999,200,31.483728
AAIT,4/30/14,	31.879999,31.879999,31.879999,31.879999,000,31.483728
AAIT,5/1/14,	31.879999,31.879999,31.879999,31.879999,000,31.483728
AAIT,5/2/14,	32.18,32.240002,32.18,32.240002,500,31.839256
AAIT,5/5/14,	32.25,32.25,32.25,32.25,200,31.84913
AAIT,5/6/14,	32.25,32.25,32.25,32.25,000,31.84913
AAIT,5/7/14,	31.93,32.00,31.68,32.00,1100,31.602238
AAIT,5/8/14,	31.60,31.73,31.60,31.66,3800,31.266464
AAIT,5/9/14,	31.66,31.66,31.66,31.66,000,31.266464
AAIT,5/12/14,	31.74,32.25,31.74,32.25,400,31.84913
AAIT,5/13/14,	32.240002,32.59,32.240002,32.59,2500,32.184904
AAIT,5/14/14,	32.310001,32.73,32.310001,32.73,1100,32.323163
AAIT,5/15/14,	32.73,32.73,32.73,32.73,000,32.323163
AAIT,5/16/14,	33.439999,33.439999,33.439999,33.439999,400,33.024337
AAIT,5/19/14,	32.830002,32.869999,32.830002,32.869999,500,32.461422
AAIT,5/20/14,	32.549999,32.549999,32.549999,32.549999,300,32.1454
AAIT,5/21/14,	32.549999,32.549999,32.549999,32.549999,000,32.1454
AAIT,5/22/14,	32.84,32.84,32.84,32.84,200,32.431797
AAIT,5/23/14,	32.790001,32.91,32.790001,32.91,700,32.500926
AAIT,5/27/14,	32.91,33.360001,32.91,33.34,3100,32.925582
AAIT,5/28/14,	33.220001,33.66,33.220001,33.619999,700,33.2021
AAIT,5/29/14,	33.66,33.66,33.66,33.66,900,33.241604
AAIT,5/30/14,	33.50,33.50,33.50,33.50,500,33.083593
AAIT,6/2/14,	33.50,33.50,33.50,33.50,000,33.083593
AAIT,6/3/14,	34.009998,34.009998,34.009998,34.009998,200,33.587252
AAIT,6/4/14,	33.889999,33.93,33.549999,33.93,900,33.508248
AAIT,6/5/14,	33.93,33.93,33.93,33.93,100,33.508248
AAIT,6/6/14,	34.27,34.32,34.27,34.32,400,33.8934
AAIT,6/9/14,	34.400002,34.400002,33.98,34.00,1900,33.577378
AAIT,6/10/14,	34.310001,34.310001,34.259998,34.259998,700,33.834144
AAIT,6/11/14,	34.139999,34.150002,34.099998,34.099998,500,33.676133
AAIT,6/12/14,	34.82,34.82,33.93,33.93,800,33.508248
AAIT,6/13/14,	34.080002,34.080002,34.080002,34.080002,100,33.656385
AAIT,6/16/14,	34.080002,34.080002,34.080002,34.080002,000,33.656385
AAIT,6/17/14,	34.080002,34.080002,34.080002,34.080002,000,33.656385
AAIT,6/18/14,	34.209999,34.209999,34.209999,34.209999,1500,33.784766
AAIT,6/19/14,	34.200001,34.529999,34.119999,34.41,700,33.982281
AAIT,6/20/14,	34.41,34.41,34.41,34.41,000,33.982281
AAIT,6/23/14,	34.41,34.41,34.41,34.41,000,33.982281
AAIT,6/24/14,	34.619999,34.619999,34.41,34.419998,1900,33.992155
AAIT,6/25/14,	33.939999,34.369999,33.939999,34.369999,400,33.964487
AAIT,6/26/14,	34.099998,34.099998,34.099998,34.099998,200,33.697672
AAIT,6/27/14,	34.110001,34.200001,34.110001,34.200001,500,33.796494
AAIT,6/30/14,	35.00,35.00,34.369999,34.369999,1000,33.964487
AAIT,7/1/14,	34.369999,34.369999,34.369999,34.369999,000,33.964487
AAIT,7/2/14,	34.919998,35.529999,34.919998,35.529999,2700,35.1108
AAIT,7/3/14,	35.549999,35.549999,35.549999,35.549999,300,35.130565
AAIT,7/7/14,	36.029999,36.029999,35.560001,35.560001,1000,35.140449
AAIT,7/8/14,	35.02,35.50,35.009998,35.09,17500,34.675993
AAIT,7/9/14,	35.459999,35.66,35.110001,35.66,14300,35.239267
AAIT,7/10/14,	35.040001,35.049999,35.040001,35.049999,300,34.636464
AAIT,7/11/14,	35.09,35.09,35.040001,35.040001,600,34.626584
AAIT,7/14/14,	35.419998,35.470001,35.119999,35.450001,7400,35.031746
AAIT,7/15/14,	35.43,35.529999,35.00,35.18,15500,34.764931
AAIT,7/16/14,	35.00,35.470001,35.00,35.419998,23900,35.002097
AAIT,7/17/14,	35.200001,35.200001,34.549999,34.549999,15900,34.142363
AAIT,7/18/14,	35.099998,35.310001,35.00,35.049999,37500,34.636464
AAIT,7/21/14,	35.189999,35.23,34.700001,35.23,7500,34.81434
AAIT,7/22/14,	35.380001,35.709999,35.349998,35.560001,25300,35.140449
AAIT,7/23/14,	35.57,35.639999,35.400002,35.639999,8000,35.219503
AAIT,7/24/14,	35.669998,35.669998,35.259998,35.50,12200,35.081155
AAIT,7/25/14,	35.990002,35.990002,35.16,35.189999,2400,34.774811
AAIT,7/28/14,	35.09,35.09,35.09,35.09,600,34.675993
AAIT,7/29/14,	35.66,35.66,35.209999,35.209999,700,34.794576
AAIT,7/30/14,	35.689999,35.689999,35.279999,35.360001,1500,34.942808
AAIT,7/31/14,	35.400002,35.400002,34.50,34.50,2300,34.092954
AAIT,8/1/14,	34.119999,34.549999,34.119999,34.549999,800,34.142363
AAIT,8/4/14,	34.93,35.18,34.93,35.18,1600,34.764931
AAIT,8/5/14,	34.669998,34.669998,34.400002,34.400002,1200,33.994135
AAIT,8/6/14,	34.990002,34.990002,34.349998,34.549999,13000,34.142363
AAIT,8/7/14,	35.32,35.57,34.029999,34.029999,5600,33.628498
AAIT,8/8/14,	33.889999,33.889999,33.889999,33.889999,1300,33.49015
AAIT,8/11/14,	34.369999,34.610001,34.369999,34.610001,400,34.201657
AAIT,8/12/14,	34.439999,34.439999,34.439999,34.439999,400,34.03366
AAIT,8/13/14,	34.68,34.68,34.68,34.68,200,34.27083
AAIT,8/14/14,	34.799999,34.939999,34.709999,34.939999,3600,34.527761
AAIT,8/15/14,	35.470001,35.470001,34.830002,34.830002,700,34.419062
AAIT,8/18/14,	35.040001,35.040001,34.619999,34.619999,800,34.211537
AAIT,8/19/14,	34.630001,34.84,34.630001,34.84,3500,34.428942
AAIT,8/20/14,	35.419998,35.419998,34.68,34.68,700,34.27083
AAIT,8/21/14,	34.490002,35.41,34.470001,34.830002,900,34.419062
AAIT,8/22/14,	34.799999,34.830002,34.799999,34.830002,800,34.419062
AAIT,8/25/14,	34.57,35.02,34.57,35.02,400,34.606819
AAIT,8/26/14,	35.02,35.02,35.02,35.02,000,34.606819
AAIT,8/27/14,	35.279999,35.279999,35.279999,35.279999,500,34.86375
AAIT,8/28/14,	34.959999,34.959999,34.959999,34.959999,200,34.547526
AAIT,8/29/14,	34.59,34.68,34.59,34.68,200,34.27083
AAIT,9/2/14,	35.52,35.52,34.560001,34.560001,300,34.152247
AAIT,9/3/14,	34.560001,34.560001,34.560001,34.560001,000,34.152247
AAIT,9/4/14,	34.720001,34.720001,34.720001,34.720001,600,34.310359
AAIT,9/5/14,	34.59,34.59,34.59,34.59,200,34.181892
AAIT,9/8/14,	35.150002,35.150002,34.490002,34.560001,1000,34.152247
AAIT,9/9/14,	34.540001,34.540001,34.540001,34.540001,100,34.132483
AAIT,9/10/14,	34.470001,34.470001,34.16,34.16,500,33.756965
AAIT,9/11/14,	34.00,34.029999,34.00,34.029999,900,33.628498
AAIT,9/12/14,	34.049999,34.299999,34.049999,34.299999,500,33.895313
AAIT,9/15/14,	34.82,34.82,34.82,34.82,300,34.409178
AAIT,9/16/14,	34.470001,34.470001,34.470001,34.470001,200,34.063309
AAIT,9/17/14,	34.470001,34.470001,34.470001,34.470001,000,34.063309
AAIT,9/18/14,	34.009998,34.009998,34.009998,34.009998,800,33.608733
AAIT,9/19/14,	34.490002,34.490002,34.490002,34.490002,800,34.083073
AAIT,9/22/14,	34.50,34.50,34.00,34.00,2400,33.598853
AAIT,9/23/14,	34.50,34.50,33.93,33.93,1200,33.529679
AAIT,9/24/14,	32.98,34.240002,32.98,33.73,8700,33.332038
AAIT,9/25/14,	33.240002,33.779999,33.240002,33.50,5200,33.104752
AAIT,9/26/14,	33.93,34.07,33.48,33.919998,27100,33.519795
AAIT,9/29/14,	34.00,34.00,33.299999,33.549999,5200,33.154162
AAIT,9/30/14,	33.599998,33.619999,33.599998,33.619999,300,33.223335
AAIT,10/1/14,	34.00,34.00,33.049999,33.049999,500,32.660061
AAIT,10/2/14,	32.77,32.77,32.77,32.77,200,32.383366
AAIT,10/3/14,	32.869999,33.529999,32.869999,33.529999,500,33.134397
AAIT,10/6/14,	33.529999,33.529999,33.529999,33.529999,000,33.134397
AAIT,10/7/14,	32.98,33.630001,32.959999,32.970001,2500,32.581007
AAIT,10/8/14,	32.91,33.389999,32.900002,33.389999,900,32.996049
AAIT,10/9/14,	32.380001,32.470001,32.369999,32.470001,700,32.086906
AAIT,10/10/14,	32.009998,32.200001,31.610001,31.67,6700,31.296343
AAIT,10/13/14,	31.67,31.67,31.67,31.67,000,31.296343
AAIT,10/14/14,	31.809999,31.809999,31.809999,31.809999,100,31.434691
AAIT,10/15/14,	31.799999,31.799999,31.290001,31.469999,1900,31.098702
AAIT,10/16/14,	31.389999,31.41,31.389999,31.41,300,31.039411
AAIT,10/17/14,	31.360001,31.75,31.360001,31.75,500,31.375399
AAIT,10/20/14,	32.419998,32.419998,32.419998,32.419998,200,32.037493
AAIT,10/21/14,	32.419998,32.419998,32.419998,32.419998,000,32.037493
AAIT,10/22/14,	32.419998,32.419998,32.419998,32.419998,000,32.037493
AAIT,10/23/14,	32.919998,32.919998,32.919998,32.919998,1000,32.531593
AAIT,10/24/14,	32.919998,32.919998,32.919998,32.919998,000,32.531593
AAIT,10/27/14,	32.73,32.73,32.73,32.73,200,32.343837
AAIT,10/28/14,	33.099998,33.130001,33.099998,33.130001,400,32.739119
AAIT,10/29/14,	33.09,33.099998,33.09,33.09,2400,32.69959
AAIT,10/30/14,	33.220001,33.220001,33.220001,33.220001,100,32.828057
AAIT,10/31/14,	33.970001,34.419998,33.970001,34.419998,3000,34.013896
AAIT,11/3/14,	34.419998,34.43,34.049999,34.349998,11800,33.944722
AAIT,11/4/14,	34.310001,34.310001,33.900002,33.900002,200,33.500034
AAIT,11/5/14,	33.57,33.98,33.50,33.98,3000,33.579089
AAIT,11/6/14,	33.400002,33.43,33.400002,33.43,800,33.035578
AAIT,11/7/14,	33.169998,33.700001,33.169998,33.419998,2400,33.025694
AAIT,11/10/14,	33.419998,33.419998,33.419998,33.419998,000,33.025694
AAIT,11/11/14,	33.419998,33.419998,33.419998,33.419998,000,33.025694
AAIT,11/12/14,	33.900002,34.119999,33.900002,33.93,2800,33.529679
AAIT,11/13/14,	33.759998,33.799999,33.759998,33.799999,2600,33.401212
AAIT,11/14/14,	33.799999,33.799999,33.799999,33.799999,000,33.401212
AAIT,11/17/14,	33.799999,33.799999,33.799999,33.799999,000,33.401212
AAIT,11/18/14,	33.950001,33.950001,33.73,33.73,1000,33.332038
AAIT,11/19/14,	33.419998,33.439999,33.419998,33.419998,2500,33.025694
AAIT,11/20/14,	33.419998,33.419998,33.419998,33.419998,100,33.025694
AAIT,11/21/14,	33.419998,33.419998,33.419998,33.419998,000,33.025694
AAIT,11/24/14,	34.299999,34.299999,33.75,33.75,500,33.351803
AAIT,11/25/14,	33.669998,33.77,33.669998,33.77,1000,33.371567
AAIT,11/26/14,	33.77,33.77,33.77,33.77,000,33.371567
AAIT,11/28/14,	33.77,33.77,33.77,33.77,000,33.371567
AAIT,12/1/14,	34.200001,34.200001,34.200001,34.200001,100,33.796494
AAIT,12/2/14,	34.299999,34.299999,34.169998,34.169998,800,33.766845
AAIT,12/3/14,	34.169998,34.169998,34.169998,34.169998,000,33.766845
AAIT,12/4/14,	34.529999,34.529999,34.220001,34.220001,300,33.816259
AAIT,12/5/14,	34.200001,34.200001,34.200001,34.200001,100,33.796494
AAIT,12/8/14,	34.200001,34.200001,34.200001,34.200001,000,33.796494
AAIT,12/9/14,	33.50,33.540001,33.50,33.540001,500,33.144281
AAIT,12/10/14,	33.540001,33.540001,33.540001,33.540001,000,33.144281
AAIT,12/11/14,	33.540001,33.540001,33.540001,33.540001,000,33.144281
AAIT,12/12/14,	33.540001,33.540001,33.540001,33.540001,000,33.144281
AAIT,12/15/14,	32.50,32.900002,32.50,32.900002,500,32.511833
AAIT,12/16/14,	32.189999,32.189999,32.189999,32.189999,1100,31.810207
AAIT,12/17/14,	32.240002,32.240002,32.240002,32.240002,1000,32.19669
AAIT,12/18/14,	32.509998,32.509998,32.509998,32.509998,900,32.466323
AAIT,12/19/14,	33.240002,33.240002,32.939999,32.939999,300,32.895746
AAIT,12/22/14,	33.57,33.57,33.150002,33.150002,500,33.105467
AAIT,12/23/14,	32.950001,33.25,32.950001,33.25,600,33.205331
AAIT,12/24/14,	33.25,33.25,33.25,33.25,000,33.205331
AAIT,12/26/14,	33.27,33.27,33.27,33.27,200,33.225305
AAIT,12/29/14,	33.18,33.220001,33.18,33.200001,1700,33.155399
AAIT,12/30/14,	32.860001,32.950001,32.860001,32.950001,1200,32.905735
AAIT,12/31/14,	32.950001,32.950001,32.950001,32.950001,000,32.905735
AAIT,1/2/15,	32.939999,32.98,32.810001,32.810001,1200,32.765923
AAIT,1/5/15,	32.810001,32.810001,32.810001,32.810001,000,32.765923
AAIT,1/6/15,	32.02,32.02,32.00,32.02,2000,31.976984
AAIT,1/7/15,	32.57,32.57,32.560001,32.57,800,32.526244
AAIT,1/8/15,	33.200001,33.240002,33.189999,33.240002,1400,33.195346
AAIT,1/9/15,	33.240002,33.240002,33.240002,33.240002,000,33.195346
AAIT,1/12/15,	33.259998,33.290001,32.959999,33.290001,700,33.245278
AAIT,1/13/15,	33.299999,33.380001,33.299999,33.380001,700,33.335157
AAIT,1/14/15,	33.02,33.169998,33.009998,33.169998,2100,33.125437
AAIT,1/15/15,	33.169998,33.169998,33.169998,33.169998,000,33.125437
AAIT,1/16/15,	33.639999,33.639999,33.43,33.59,1800,33.544874
AAIT,1/20/15,	34.119999,34.119999,33.669998,33.900002,1500,33.854459
AAIT,1/21/15,	34.119999,34.459999,34.119999,34.209999,5200,34.16404
AAIT,1/22/15,	34.32,34.48,34.32,34.48,300,34.433678
AAIT,1/23/15,	34.48,34.48,34.48,34.48,000,34.433678
AAIT,1/26/15,	34.48,34.48,34.48,34.48,000,34.433678
AAIT,1/27/15,	34.549999,34.970001,34.540001,34.77,28800,34.723289
AAIT,1/28/15,	34.779999,34.810001,34.540001,34.540001,600,34.493599
AAIT,1/29/15,	34.41,34.540001,34.41,34.540001,800,34.493599
AAIT,1/30/15,	34.540001,34.540001,34.540001,34.540001,000,34.493599
AAIT,2/2/15,	34.580002,34.580002,34.43,34.43,400,34.383746
AAIT,2/3/15,	34.200001,34.200001,34.200001,34.200001,600,34.154055
AAIT,2/4/15,	34.439999,34.439999,34.439999,34.439999,200,34.393731
AAIT,2/5/15,	33.73,34.759998,33.73,34.759998,3900,34.713301
AAIT,2/6/15,	34.57,34.57,34.57,34.57,200,34.523557
AAIT,2/9/15,	34.57,34.57,34.57,34.57,000,34.523557
AAIT,2/10/15,	34.299999,34.439999,34.099998,34.439999,700,34.393731
AAIT,2/11/15,	34.299999,34.299999,34.299999,34.299999,600,34.25392
AAIT,2/12/15,	34.200001,34.200001,34.200001,34.200001,800,34.154055
AAIT,2/13/15,	34.50,34.50,34.50,34.50,300,34.453652
AAIT,2/17/15,	34.439999,34.439999,34.439999,34.439999,300,34.393731
AAIT,2/18/15,	34.799999,34.799999,34.799999,34.799999,300,34.753248
AAIT,2/19/15,	34.799999,34.799999,34.799999,34.799999,000,34.753248
AAIT,2/20/15,	35.07,35.07,35.049999,35.049999,700,35.002912
AAIT,2/23/15,	34.93,34.93,34.93,34.93,200,34.883074
AAIT,2/24/15,	35.330002,35.330002,35.330002,35.330002,200,35.282538
AAIT,2/25/15,	35.330002,35.330002,35.330002,35.330002,000,35.282538
AAIT,2/26/15,	35.119999,35.150002,35.119999,35.150002,700,35.10278
AAIT,2/27/15,	35.669998,35.669998,35.669998,35.669998,200,35.622078
AAIT,3/2/15,	35.779999,35.779999,35.779999,35.779999,1100,35.731931
AAIT,3/3/15,	35.360001,35.380001,35.360001,35.380001,1000,35.332471
AAIT,3/4/15,	35.529999,35.529999,35.529999,35.529999,700,35.482267
AAIT,3/5/15,	35.490002,35.66,35.490002,35.66,800,35.612093
AAIT,3/6/15,	35.389999,35.389999,35.330002,35.330002,700,35.282538
AAIT,3/9/15,	35.25,35.25,35.25,35.25,600,35.202644
AAIT,3/10/15,	34.75,34.75,33.279999,34.700001,2700,34.653384
AAIT,3/11/15,	34.610001,34.98,34.610001,34.98,900,34.933006
AAIT,3/12/15,	35.16,35.16,35.16,35.16,100,35.112765
AAIT,3/13/15,	35.509998,35.509998,35.099998,35.119999,900,35.072818
AAIT,3/16/15,	35.650002,35.650002,35.650002,35.650002,100,35.602108
AAIT,3/17/15,	35.779999,35.779999,35.66,35.66,800,35.612093
AAIT,3/18/15,	36.00,36.549999,36.00,36.549999,1100,36.500897
AAIT,3/19/15,	36.099998,36.490002,36.099998,36.470001,1600,36.421006
AAIT,3/20/15,	36.470001,36.470001,36.470001,36.470001,000,36.421006
AAIT,3/23/15,	37.049999,37.049999,36.98,36.98,500,36.93032
AAIT,3/24/15,	36.950001,36.950001,36.900002,36.900002,400,36.850429
AAIT,3/25/15,	36.900002,36.900002,36.900002,36.900002,000,36.850429
AAIT,3/26/15,	35.98,35.98,35.98,35.98,100,35.931663
AAIT,3/27/15,	36.00,36.00,36.00,36.00,100,35.951637
AAIT,3/30/15,	35.799999,36.240002,35.799999,36.240002,600,36.191316
AAIT,3/31/15,	36.16,36.23,35.860001,35.860001,700,35.811825
AAIT,4/1/15,	35.919998,36.150002,35.919998,36.150002,400,36.101437
AAIT,4/2/15,	36.200001,36.200001,36.200001,36.200001,1000,36.151369
AAIT,4/6/15,	36.700001,36.970001,36.700001,36.970001,800,36.920335
AAIT,4/7/15,	36.959999,36.959999,36.959999,36.959999,200,36.910346
AAIT,4/8/15,	37.049999,37.099998,36.990002,36.990002,1100,36.940308
AAIT,4/9/15,	36.990002,36.990002,36.990002,36.990002,000,36.940308
AAIT,4/10/15,	37.029999,37.029999,37.029999,37.029999,200,36.980252
AAIT,4/13/15,	37.619999,37.619999,37.41,37.41,1400,37.359742
AAIT,4/14/15,	37.25,37.25,37.25,37.25,100,37.199957
AAIT,4/15/15,	37.09,37.09,37.09,37.09,400,37.040172
AAIT,4/16/15,	37.09,37.09,37.09,37.09,000,37.040172
AAIT,4/17/15,	36.560001,36.560001,36.080002,36.310001,800,36.261221
AAIT,4/20/15,	36.349998,36.349998,36.220001,36.220001,300,36.171342
AAIT,4/21/15,	36.43,36.540001,36.43,36.540001,900,36.490912
AAIT,4/22/15,	36.740002,37.169998,36.740002,36.98,900,36.93032
AAIT,4/23/15,	37.34,37.599998,37.34,37.599998,1500,37.549486
AAIT,4/24/15,	37.709999,37.709999,37.16,37.509998,1100,37.459606
AAIT,4/27/15,	37.200001,37.200001,37.189999,37.189999,500,37.140037
AAIT,4/28/15,	37.09,37.09,37.09,37.09,700,37.040172
AAIT,4/29/15,	37.169998,37.169998,37.169998,37.169998,200,37.120063
AAIT,4/30/15,	36.849998,36.869999,36.290001,36.290001,1200,36.241248
AAIT,5/1/15,	36.32,36.830002,36.32,36.799999,900,36.750561
AAIT,5/4/15,	36.799999,36.799999,36.799999,36.799999,000,36.750561
AAIT,5/5/15,	36.009998,36.32,36.009998,36.32,600,36.271206
AAIT,5/6/15,	36.32,36.32,36.32,36.32,000,36.271206
AAIT,5/7/15,	36.32,36.32,36.32,36.32,000,36.271206
AAIT,5/8/15,	36.450001,36.450001,36.450001,36.450001,300,36.401033
AAIT,5/11/15,	36.400002,36.400002,36.299999,36.299999,1000,36.251233
AAIT,5/12/15,	35.959999,35.970001,35.959999,35.970001,1000,35.921678
AAIT,5/13/15,	35.970001,35.970001,35.970001,35.970001,000,35.921678
AAIT,5/14/15,	36.349998,36.349998,36.349998,36.349998,300,36.301165
AAIT,5/15/15,	36.349998,36.349998,36.349998,36.349998,000,36.301165
AAIT,5/18/15,	36.580002,36.700001,36.580002,36.700001,600,36.650697
AAIT,5/19/15,	36.549999,36.549999,36.549999,36.549999,300,36.500897
AAIT,5/20/15,	36.34,36.509998,36.34,36.509998,800,36.46095
AAIT,5/21/15,	36.509998,36.509998,36.509998,36.509998,000,36.46095
AAIT,5/22/15,	36.200001,36.200001,36.200001,36.200001,400,36.151369
AAIT,5/26/15,	36.080002,36.080002,36.080002,36.080002,1700,36.031531
AAIT,5/27/15,	36.080002,36.080002,36.080002,36.080002,000,36.031531
AAIT,5/28/15,	35.880001,35.880001,35.389999,35.400002,800,35.352444
AAIT,5/29/15,	35.400002,35.400002,35.400002,35.400002,000,35.352444
AAIT,6/1/15,	35.400002,35.400002,35.400002,35.400002,000,35.352444
AAIT,6/2/15,	36.049999,36.049999,36.049999,36.049999,700,36.001569
AAIT,6/3/15,	35.810001,35.810001,35.799999,35.799999,200,35.751904
AAIT,6/4/15,	35.799999,35.799999,35.50,35.50,900,35.452308
AAIT,6/5/15,	35.259998,35.32,35.259998,35.32,2200,35.27255
AAIT,6/8/15,	35.32,35.32,35.32,35.32,000,35.27255
AAIT,6/9/15,	34.189999,34.689999,34.189999,34.689999,3500,34.643395
AAIT,6/10/15,	34.689999,34.689999,34.689999,34.689999,000,34.643395
AAIT,6/11/15,	34.68,34.68,34.68,34.68,200,34.63341
AAIT,6/12/15,	34.639999,35.009998,34.639999,35.009998,300,34.962965
AAIT,6/15/15,	35.009998,35.009998,35.009998,35.009998,000,34.962965
AAIT,6/16/15,	34.799999,34.799999,34.709999,34.77,700,34.723289
AAIT,6/17/15,	34.650002,34.650002,34.650002,34.650002,200,34.603452
AAIT,6/18/15,	34.52,34.830002,34.52,34.830002,300,34.78321
AAIT,6/19/15,	35.259998,35.259998,35.259998,35.259998,400,35.212629
AAIT,6/22/15,	35.299999,35.299999,35.299999,35.299999,300,35.252576
AAIT,6/23/15,	35.849998,35.889999,35.73,35.73,2900,35.681999
AAIT,6/24/15,	35.73,35.73,35.73,35.73,000,35.681999
AAIT,6/25/15,	35.830002,35.830002,35.349998,35.349998,2100,35.349998
AAIT,6/26/15,	35.189999,35.290001,35.130001,35.139999,5900,35.139999
AAIT,6/29/15,	34.919998,34.919998,34.919998,34.919998,300,34.919998
AAIT,6/30/15,	34.68,34.68,34.509998,34.509998,300,34.509998
AAIT,7/1/15,	34.93,35.02,34.849998,34.849998,3900,34.849998
AAIT,7/2/15,	34.950001,34.950001,34.509998,34.849998,2600,34.849998
AAIT,7/6/15,	34.41,34.41,34.130001,34.130001,4200,34.130001
AAIT,7/7/15,	33.630001,33.869999,33.529999,33.869999,3200,33.869999
AAIT,7/8/15,	33.279999,33.279999,32.540001,32.610001,2000,32.610001
AAIT,7/9/15,	33.25,33.25,33.060001,33.200001,6000,33.200001
AAIT,7/10/15,	33.290001,33.290001,33.290001,33.290001,100,33.290001
AAIT,7/13/15,	33.259998,33.860001,33.259998,33.860001,2500,33.860001
AAIT,7/14/15,	33.43,33.43,33.43,33.43,100,33.43
AAIT,7/15/15,	33.400002,33.639999,33.34,33.380001,1000,33.380001
AAIT,7/16/15,	33.459999,33.459999,33.459999,33.459999,300,33.459999
AAIT,7/17/15,	33.459999,33.459999,33.459999,33.459999,000,33.459999
AAIT,7/20/15,	34.060001,34.18,33.709999,33.830002,1500,33.830002
AAIT,7/21/15,	33.799999,33.799999,33.799999,33.799999,200,33.799999
AAIT,7/22/15,	33.259998,33.439999,33.259998,33.439999,500,33.439999
AAIT,7/23/15,	33.200001,33.200001,32.830002,32.98,600,32.98
AAIT,7/24/15,	32.52,32.790001,32.52,32.790001,500,32.790001
AAIT,7/27/15,	31.92,32.200001,31.719999,31.889999,4600,31.889999
AAIT,7/28/15,	32.490002,32.490002,32.27,32.349998,300,32.349998
AAIT,7/29/15,	32.349998,32.349998,32.349998,32.349998,000,32.349998
AAIT,7/30/15,	32.349998,32.349998,32.349998,32.349998,000,32.349998
AAIT,7/31/15,	32.09,32.52,32.09,32.52,300,32.52
AAIT,8/3/15,	31.67,31.75,31.549999,31.67,4000,31.67
AAIT,8/4/15,	31.440001,31.84,31.440001,31.469999,3700,31.469999
AAIT,8/5/15,	31.690001,31.860001,31.51,31.52,67400,31.52
AAIT,8/6/15,	31.26,31.290001,31.09,31.15,600,31.15
AAIT,8/7/15,	31.48,31.629999,31.200001,31.370001,1100,31.370001
