date,open,high,low,close
2/10/2012,"	26.960",26.96,26.96,26.96
2/11/2012,"	26.960",26.96,26.96,26.96
2/12/2012,"	26.960",26.96,26.96,26.96
2/13/2012,"	26.960",26.96,26.96,26.96
2/14/2012,"	26.960",26.96,26.96,26.96
2/15/2012,"	26.960",26.96,26.96,26.96
2/16/2012,"	26.960",26.96,26.96,26.96
2/17/2012,"	26.960",26.96,26.96,26.96
2/18/2012,"	22.660",22.66,22.66,22.66
2/19/2012,"	22.660",22.66,22.66,22.66
2/20/2012,"	28.320",28.746,28.096,28.51
2/21/2012,"	26.960",26.96,26.96,26.96
2/22/2012,"	26.960",26.96,26.96,26.96
2/23/2012,"	29.690",29.69,29.69,29.69
2/24/2012,"	29.690",29.69,29.69,29.69
2/25/2012,"	28.320",28.746,28.096,28.51
2/26/2012,"	28.320",28.746,28.096,28.51
2/27/2012,"	28.230",30.36,28.23,30.11
2/28/2012,"	29.040",29.04,27.92,28.11
2/29/2012,"	28.110",28.11,28.11,28.11
3/1/2012,"	28.110",28.11,28.11,28.11
3/2/2012,"	28.110",28.11,28.11,28.11
3/3/2012,"	27.358",27.358,27.358,27.358
3/4/2012,"	27.358",27.358,27.358,27.358
3/5/2012,"	28.110",28.11,28.11,28.11
3/6/2012,"	27.170",27.17,27.17,27.17
3/7/2012,"	27.170",27.17,27.17,27.17
3/8/2012,"	27.170",27.17,27.17,27.17
3/9/2012,"	27.170",27.17,27.17,27.17
3/10/2012,"	27.170",27.17,27.17,27.17
3/11/2012,"	27.170",27.17,27.17,27.17
3/12/2012,"	27.170",27.17,27.17,27.17
3/13/2012,"	27.170",27.17,27.17,27.17
3/14/2012,"	27.170",27.17,27.17,27.17
3/15/2012,"	27.170",27.17,27.17,27.17
3/16/2012,"	27.170",27.17,27.17,27.17
3/17/2012,"	27.170",27.17,27.17,27.17
3/18/2012,"	27.170",27.17,27.17,27.17
3/19/2012,"	27.170",27.17,27.17,27.17
3/20/2012,"	27.170",27.17,27.17,27.17
3/21/2012,"	27.170",27.17,27.17,27.17
3/22/2012,"	27.170",27.17,27.17,27.17
3/23/2012,"	27.170",27.17,27.17,27.17
3/24/2012,"	27.170",27.17,27.17,27.17
3/25/2012,"	27.170",27.17,27.17,27.17
3/26/2012,"	27.170",27.17,27.17,27.17
3/27/2012,"	27.170",27.17,27.17,27.17
3/28/2012,"	27.170",27.17,27.17,27.17
3/29/2012,"	27.170",27.17,27.17,27.17
3/30/2012,"	27.170",27.17,27.17,27.17
3/31/2012,"	21.736",21.736,21.736,21.736
4/1/2012,"	21.736",21.736,21.736,21.736
4/2/2012,"	27.170",27.17,27.17,27.17
4/3/2012,"	27.170",27.17,27.17,27.17
4/4/2012,"	27.170",27.17,27.17,27.17
4/5/2012,"	27.170",27.17,27.17,27.17
4/6/2012,"	28.112",28.112,28.112,28.112
4/7/2012,"	28.112",28.112,28.112,28.112
4/8/2012,"	28.112",28.112,28.112,28.112
4/9/2012,"	28.480",28.48,28.48,28.48
4/10/2012,"	28.020",28.02,28.02,28.02
4/11/2012,"	28.020",28.02,28.02,28.02
4/12/2012,"	28.020",28.02,28.02,28.02
4/13/2012,"	28.020",28.02,28.02,28.02
4/14/2012,"	28.020",28.02,28.02,28.02
4/15/2012,"	28.020",28.02,28.02,28.02
4/16/2012,"	28.020",28.02,28.02,28.02
4/17/2012,"	28.020",28.02,28.02,28.02
4/18/2012,"	28.020",28.02,28.02,28.02
4/19/2012,"	28.020",28.02,28.02,28.02
4/20/2012,"	28.020",28.02,28.02,28.02
4/21/2012,"	28.020",28.02,28.02,28.02
4/22/2012,"	28.020",28.02,28.02,28.02
4/23/2012,"	28.020",28.02,28.02,28.02
4/24/2012,"	28.020",28.02,28.02,28.02
4/25/2012,"	28.020",28.02,28.02,28.02
4/26/2012,"	28.020",28.02,28.02,28.02
4/27/2012,"	28.020",28.02,28.02,28.02
4/28/2012,"	28.570",28.57,28.456,28.456
4/29/2012,"	28.570",28.57,28.456,28.456
4/30/2012,"	28.800",28.8,28.8,28.8
5/1/2012,"	28.800",28.8,28.8,28.8
5/2/2012,"	28.850",28.85,28.28,28.28
5/3/2012,"	28.200",28.2,28.2,28.2
5/4/2012,"	28.200",28.2,28.2,28.2
5/5/2012,"	27.356",27.356,27.356,27.356
5/6/2012,"	27.356",27.356,27.356,27.356
5/7/2012,"	27.740",27.74,27.74,27.74
5/8/2012,"	27.260",27.26,27.26,27.26
5/9/2012,"	27.260",27.26,27.26,27.26
5/10/2012,"	27.260",27.26,27.26,27.26
5/11/2012,"	27.260",27.26,27.26,27.26
5/12/2012,"	26.062",26.102,26.062,26.102
5/13/2012,"	26.062",26.102,26.062,26.102
5/14/2012,"	27.260",27.26,27.26,27.26
5/15/2012,"	26.570",26.57,26.57,26.57
5/16/2012,"	25.360",25.56,25.36,25.56
5/17/2012,"	25.560",25.56,25.56,25.56
5/18/2012,"	25.560",25.56,25.56,25.56
5/19/2012,"	25.560",25.56,25.56,25.56
5/20/2012,"	25.560",25.56,25.56,25.56
5/21/2012,"	25.560",25.56,25.56,25.56
5/22/2012,"	25.560",25.56,25.56,25.56
5/23/2012,"	25.560",25.56,25.56,25.56
5/24/2012,"	25.560",25.56,25.56,25.56
5/25/2012,"	25.560",25.56,25.56,25.56
5/26/2012,"	20.232",20.232,20.232,20.232
5/27/2012,"	20.232",20.232,20.232,20.232
5/28/2012,"	24.726",24.896,24.726,24.896
5/29/2012,"	25.560",25.56,25.56,25.56
5/30/2012,"	25.560",25.56,25.56,25.56
5/31/2012,"	25.560",25.56,25.56,25.56
6/1/2012,"	24.480",24.48,24.48,24.48
6/2/2012,"	24.726",24.896,24.726,24.896
6/3/2012,"	24.726",24.896,24.726,24.896
6/4/2012,"	24.480",24.48,24.48,24.48
6/5/2012,"	24.480",24.48,24.48,24.48
6/6/2012,"	24.240",25.01,24.24,25.01
6/7/2012,"	25.430",25.51,25.43,25.51
6/8/2012,"	25.000",25,25,25
6/9/2012,"	26.120",26.12,26.12,26.12
6/10/2012,"	26.120",26.12,26.12,26.12
6/11/2012,"	26.120",26.12,26.12,26.12
6/12/2012,"	26.120",26.12,26.12,26.12
6/13/2012,"	26.120",26.12,26.12,26.12
6/14/2012,"	26.120",26.12,26.12,26.12
6/15/2012,"	26.120",26.12,26.12,26.12
6/16/2012,"	26.120",26.12,26.12,26.12
6/17/2012,"	26.120",26.12,26.12,26.12
6/18/2012,"	26.120",26.12,26.12,26.12
6/19/2012,"	26.120",26.12,26.12,26.12
6/20/2012,"	26.120",26.12,26.12,26.12
6/21/2012,"	26.120",26.12,26.12,26.12
6/22/2012,"	26.120",26.12,26.12,26.12
6/23/2012,"	26.120",26.12,26.12,26.12
6/24/2012,"	26.120",26.12,26.12,26.12
6/25/2012,"	26.120",26.12,26.12,26.12
6/26/2012,"	26.120",26.12,26.12,26.12
6/27/2012,"	26.120",26.12,26.12,26.12
6/28/2012,"	26.120",26.12,26.12,26.12
6/29/2012,"	26.120",26.12,26.12,26.12
6/30/2012,"	20.754",20.754,20.728,20.728
7/1/2012,"	20.754",20.754,20.728,20.728
7/2/2012,"	26.040",26.04,25.91,25.91
7/3/2012,"	25.910",25.91,25.91,25.91
7/4/2012,"	26.300",26.3,26.3,26.3
7/5/2012,"	25.910",25.91,25.91,25.91
7/6/2012,"	25.910",25.91,25.91,25.91
7/7/2012,"	26.300",26.3,26.3,26.3
7/8/2012,"	26.300",26.3,26.3,26.3
7/9/2012,"	26.300",26.3,26.3,26.3
7/10/2012,"	26.300",26.3,26.3,26.3
7/11/2012,"	26.300",26.3,26.3,26.3
7/12/2012,"	26.300",26.3,26.3,26.3
7/13/2012,"	26.300",26.3,26.3,26.3
7/14/2012,"	25.708",25.708,25.708,25.708
7/15/2012,"	25.708",25.708,25.708,25.708
7/16/2012,"	26.300",26.3,26.3,26.3
7/17/2012,"	26.300",26.3,26.3,26.3
7/18/2012,"	26.300",26.3,26.3,26.3
7/19/2012,"	24.820",24.82,24.82,24.82
7/20/2012,"	24.820",24.82,24.82,24.82
7/21/2012,"	24.758",24.758,24.758,24.758
7/22/2012,"	24.758",24.758,24.758,24.758
7/23/2012,"	24.820",24.82,24.82,24.82
7/24/2012,"	24.820",24.82,24.82,24.82
7/25/2012,"	24.820",24.82,24.82,24.82
7/26/2012,"	24.820",24.82,24.82,24.82
7/27/2012,"	24.510",24.51,24.51,24.51
7/28/2012,"	25.008",25.164,25.008,25.164
7/29/2012,"	25.008",25.164,25.008,25.164
7/30/2012,"	24.510",24.51,24.51,24.51
7/31/2012,"	24.510",24.51,24.51,24.51
8/1/2012,"	25.400",25.4,25.4,25.4
8/2/2012,"	25.400",25.4,25.4,25.4
8/3/2012,"	25.220",26,25.22,26
8/4/2012,"	26.000",26,26,26
8/5/2012,"	26.000",26,26,26
8/6/2012,"	26.000",26,26,26
8/7/2012,"	26.000",26,26,26
8/8/2012,"	26.000",26,26,26
8/9/2012,"	26.000",26,26,26
8/10/2012,"	26.000",26,26,26
8/11/2012,"	26.062",26.062,26.062,26.062
8/12/2012,"	26.062",26.062,26.062,26.062
8/13/2012,"	26.000",26,26,26
8/14/2012,"	26.190",26.19,26.19,26.19
8/15/2012,"	26.040",26.04,26.04,26.04
8/16/2012,"	26.040",26.04,26.04,26.04
8/17/2012,"	26.040",26.04,26.04,26.04
8/18/2012,"	26.510",26.518,26.51,26.518
8/19/2012,"	26.510",26.518,26.51,26.518
8/20/2012,"	26.350",26.39,26.35,26.39
8/21/2012,"	26.550",26.55,26.55,26.55
8/22/2012,"	26.550",26.55,26.55,26.55
8/23/2012,"	26.550",26.55,26.55,26.55
8/24/2012,"	26.550",26.55,26.55,26.55
8/25/2012,"	26.316",26.316,26.198,26.198
8/26/2012,"	26.316",26.316,26.198,26.198
8/27/2012,"	26.550",26.55,26.55,26.55
8/28/2012,"	26.550",26.55,26.55,26.55
8/29/2012,"	26.550",26.55,26.55,26.55
8/30/2012,"	26.260",26.26,25.67,25.67
8/31/2012,"	25.670",25.67,25.67,25.67
9/1/2012,"	20.292",20.302,20.292,20.302
9/2/2012,"	20.292",20.302,20.292,20.302
9/3/2012,"	25.280",25.28,25.28,25.28
9/4/2012,"	25.670",25.67,25.67,25.67
9/5/2012,"	25.230",25.28,25.23,25.28
9/6/2012,"	25.280",25.28,25.28,25.28
9/7/2012,"	25.280",25.28,25.28,25.28
9/8/2012,"	25.280",25.28,25.28,25.28
9/9/2012,"	25.280",25.28,25.28,25.28
9/10/2012,"	25.280",25.28,25.28,25.28
9/11/2012,"	25.280",25.28,25.28,25.28
9/12/2012,"	25.280",25.28,25.28,25.28
9/13/2012,"	25.280",25.28,25.28,25.28
9/14/2012,"	25.280",25.28,25.28,25.28
9/15/2012,"	26.610",26.61,26.606,26.606
9/16/2012,"	26.610",26.61,26.606,26.606
9/17/2012,"	25.280",25.28,25.28,25.28
9/18/2012,"	25.280",25.28,25.28,25.28
9/19/2012,"	27.510",27.51,27.49,27.49
9/20/2012,"	27.490",27.49,27.49,27.49
9/21/2012,"	27.490",27.49,27.49,27.49
9/22/2012,"	27.290",27.306,27.29,27.29
9/23/2012,"	27.290",27.306,27.29,27.29
9/24/2012,"	27.490",27.49,27.49,27.49
9/25/2012,"	27.240",27.32,27.24,27.24
9/26/2012,"	27.240",27.24,27.24,27.24
9/27/2012,"	27.240",27.24,27.24,27.24
9/28/2012,"	27.240",27.24,27.24,27.24
9/29/2012,"	27.296",27.328,27.296,27.328
9/30/2012,"	27.296",27.328,27.296,27.328
10/1/2012,"	27.240",27.24,27.24,27.24
10/2/2012,"	27.240",27.24,27.24,27.24
10/3/2012,"	27.240",27.24,27.24,27.24
10/4/2012,"	27.240",27.24,27.24,27.24
10/5/2012,"	27.520",27.68,27.52,27.68
10/6/2012,"	26.798",26.798,26.792,26.792
10/7/2012,"	26.798",26.798,26.792,26.792
10/8/2012,"	27.680",27.68,27.68,27.68
10/9/2012,"	27.680",27.68,27.68,27.68
10/10/2012,"	26.230",26.23,26.2,26.2
10/11/2012,"	26.200",26.2,26.2,26.2
10/12/2012,"	26.200",26.2,26.2,26.2
10/13/2012,"	26.200",26.2,26.2,26.2
10/14/2012,"	26.200",26.2,26.2,26.2
10/15/2012,"	26.200",26.2,26.2,26.2
10/16/2012,"	26.200",26.2,26.2,26.2
10/17/2012,"	26.200",26.2,26.2,26.2
10/18/2012,"	26.200",26.2,26.2,26.2
10/19/2012,"	26.200",26.2,26.2,26.2
10/20/2012,"	26.220",26.22,26.22,26.22
10/21/2012,"	26.220",26.22,26.22,26.22
10/22/2012,"	26.200",26.2,26.2,26.2
10/23/2012,"	26.200",26.2,26.2,26.2
10/24/2012,"	26.200",26.2,26.2,26.2
10/25/2012,"	26.200",26.2,26.2,26.2
10/26/2012,"	26.300",26.3,26.3,26.3
10/27/2012,"	16.058",17.62,16.058,16.074
10/28/2012,"	16.058",17.62,16.058,16.074
10/29/2012,"	26.784",26.804,26.752,26.76
10/30/2012,"	26.784",26.804,26.752,26.76
10/31/2012,"	26.720",34.44,26.72,26.76
11/1/2012,"	26.900",26.99,26.9,26.94
11/2/2012,"	26.670",26.67,26.67,26.67
11/3/2012,"	26.784",26.804,26.752,26.76
11/4/2012,"	26.784",26.804,26.752,26.76
11/5/2012,"	26.820",26.82,26.82,26.82
11/6/2012,"	26.820",26.82,26.82,26.82
11/7/2012,"	26.820",26.82,26.82,26.82
11/8/2012,"	26.750",26.75,26.59,26.59
11/9/2012,"	26.710",26.81,26.71,26.75
11/10/2012,"	26.538",26.542,26.524,26.528
11/11/2012,"	26.538",26.542,26.524,26.528
11/12/2012,"	26.750",26.75,26.75,26.75
11/13/2012,"	26.550",26.55,26.55,26.55
11/14/2012,"	26.360",26.38,26.36,26.38
11/15/2012,"	26.550",26.55,26.48,26.48
11/16/2012,"	26.480",26.48,26.48,26.48
11/17/2012,"	21.934",22.052,21.822,21.852
11/18/2012,"	21.934",22.052,21.822,21.852
11/19/2012,"	26.970",26.97,26.97,26.97
11/20/2012,"	27.510",27.51,26.95,26.95
11/21/2012,"	27.240",27.24,27.24,27.24
11/22/2012,"	28.120",28.17,27.89,28.012
11/23/2012,"	27.950",28.54,27.95,28.1
11/24/2012,"	28.120",28.17,27.89,28.012
11/25/2012,"	28.120",28.17,27.89,28.012
11/26/2012,"	28.330",28.33,27.52,28.01
11/27/2012,"	28.250",28.25,27.97,27.98
11/28/2012,"	27.700",27.83,27.69,27.78
11/29/2012,"	28.150",28.15,28.15,28.15
11/30/2012,"	28.170",28.29,28.12,28.14
12/1/2012,"	28.318",28.422,28.23,28.378
12/2/2012,"	28.318",28.422,28.23,28.378
12/3/2012,"	28.250",28.37,28.15,28.28
12/4/2012,"	28.210",28.43,28.21,28.39
12/5/2012,"	28.380",28.5,28.36,28.47
12/6/2012,"	28.280",28.34,28.25,28.3
12/7/2012,"	28.470",28.47,28.18,28.45
12/8/2012,"	28.804",28.962,28.514,28.618
12/9/2012,"	28.804",28.962,28.514,28.618
12/10/2012,"	28.400",28.63,28.4,28.63
12/11/2012,"	28.400",28.52,28.4,28.48
12/12/2012,"	28.630",28.86,28.57,28.65
12/13/2012,"	28.810",29.02,28.67,28.8
12/14/2012,"	29.780",29.78,28.53,28.53
12/15/2012,"	27.578",27.754,27.244,27.576
12/16/2012,"	27.578",27.754,27.244,27.576
12/17/2012,"	27.960",28.46,27.96,28.29
12/18/2012,"	27.530",27.53,26.95,27.32
12/19/2012,"	27.420",27.73,27.35,27.7
12/20/2012,"	27.920",27.92,27.13,27.59
12/21/2012,"	27.060",27.13,26.83,26.98
12/22/2012,"	22.078",22.142,21.762,21.824
12/23/2012,"	22.078",22.142,21.762,21.824
12/24/2012,"	28.090",28.09,27.15,27.19
12/25/2012,"	5.622",5.622,5.528,5.538
12/26/2012,"	27.150",27.35,27.15,27.25
12/27/2012,"	27.700",27.7,27.13,27.3
12/28/2012,"	27.450",27.57,27.38,27.38
12/29/2012,"	5.622",5.622,5.528,5.538
12/30/2012,"	5.622",5.622,5.528,5.538
12/31/2012,"	28.110",28.11,27.64,27.69
1/1/2013,"	28.206",28.22,27.804,27.882
1/2/2013,"	28.590",28.67,28.59,28.6
1/3/2013,"	28.530",28.53,28.27,28.36
1/4/2013,"	29.120",29.12,28,28.22
1/5/2013,"	28.206",28.22,27.804,27.882
1/6/2013,"	28.206",28.22,27.804,27.882
1/7/2013,"	28.460",28.46,28.2,28.2
1/8/2013,"	28.100",28.1,27.27,27.27
1/9/2013,"	27.920",27.92,27.52,27.71
1/10/2013,"	28.020",28.09,27.89,28.09
1/11/2013,"	28.530",28.53,28.14,28.14
1/12/2013,"	28.614",28.666,28.086,28.204
1/13/2013,"	28.614",28.666,28.086,28.204
1/14/2013,"	29.050",29.05,28.27,28.31
1/15/2013,"	28.570",28.57,27.94,28.25
1/16/2013,"	28.000",28.26,28,28
1/17/2013,"	28.420",28.42,28,28.21
1/18/2013,"	29.030",29.03,28.22,28.25
1/19/2013,"	22.458",22.508,22.146,22.236
1/20/2013,"	22.458",22.508,22.146,22.236
1/21/2013,"	27.664",27.82,27.412,27.59
1/22/2013,"	28.570",28.57,27.95,27.95
1/23/2013,"	27.810",27.96,27.61,27.93
1/24/2013,"	27.780",27.88,27.78,27.88
1/25/2013,"	28.130",28.13,27.39,27.42
1/26/2013,"	27.664",27.82,27.412,27.59
1/27/2013,"	27.664",27.82,27.412,27.59
1/28/2013,"	27.080",27.2,27.08,27.19
1/29/2013,"	27.350",27.73,27.35,27.51
1/30/2013,"	28.200",28.2,27.57,27.83
1/31/2013,"	28.170",28.17,27.56,27.62
2/1/2013,"	27.520",27.8,27.5,27.8
2/2/2013,"	27.276",27.476,27.216,27.356
2/3/2013,"	27.276",27.476,27.216,27.356
2/4/2013,"	27.560",27.79,27.31,27.31
2/5/2013,"	27.400",27.53,27.37,27.46
2/6/2013,"	26.820",27.46,26.82,27.43
2/7/2013,"	27.310",27.31,27.29,27.29
2/8/2013,"	27.290",27.29,27.29,27.29
2/9/2013,"	27.574",27.664,27.56,27.61
2/10/2013,"	27.574",27.664,27.56,27.61
2/11/2013,"	27.380",27.63,27.38,27.48
2/12/2013,"	27.540",27.55,27.49,27.49
2/13/2013,"	27.570",27.72,27.56,27.66
2/14/2013,"	27.690",27.72,27.68,27.72
2/15/2013,"	27.690",27.7,27.69,27.7
2/16/2013,"	22.414",22.474,22.246,22.322
2/17/2013,"	22.414",22.474,22.246,22.322
2/18/2013,"	28.312",28.474,27.974,28.138
2/19/2013,"	27.700",27.83,27.7,27.83
2/20/2013,"	28.240",28.25,28.03,28.03
2/21/2013,"	28.240",28.24,27.68,27.7
2/22/2013,"	27.890",28.05,27.82,28.05
2/23/2013,"	28.312",28.474,27.974,28.138
2/24/2013,"	28.312",28.474,27.974,28.138
2/25/2013,"	28.590",28.59,27.97,27.97
2/26/2013,"	28.000",28.04,27.73,27.86
2/27/2013,"	27.760",28.35,27.76,28.35
2/28/2013,"	28.390",28.57,28.37,28.41
3/1/2013,"	28.820",28.82,28.04,28.1
3/2/2013,"	28.456",28.458,28.264,28.314
3/3/2013,"	28.456",28.458,28.264,28.314
3/4/2013,"	28.020",28.03,27.89,28.03
3/5/2013,"	28.400",28.4,28.4,28.4
3/6/2013,"	28.800",28.8,28.4,28.5
3/7/2013,"	28.740",28.74,28.31,28.32
3/8/2013,"	28.320",28.32,28.32,28.32
3/9/2013,"	28.286",28.302,27.99,28.078
3/10/2013,"	28.286",28.302,27.99,28.078
3/11/2013,"	28.620",28.62,28.07,28.1
3/12/2013,"	28.080",28.1,27.85,27.97
3/13/2013,"	28.130",28.18,28.13,28.15
3/14/2013,"	28.220",28.23,28.1,28.2
3/15/2013,"	28.380",28.38,27.8,27.97
3/16/2013,"	27.868",28.048,27.574,27.722
3/17/2013,"	27.868",28.048,27.574,27.722
3/18/2013,"	28.500",28.5,27.89,27.9
3/19/2013,"	27.430",28.02,27.43,27.75
3/20/2013,"	27.760",28.02,27.65,27.76
3/21/2013,"	28.130",28.13,27.4,27.65
3/22/2013,"	27.520",27.57,27.5,27.55
3/23/2013,"	22.516",22.518,22.478,22.498
3/24/2013,"	22.516",22.518,22.478,22.498
3/25/2013,"	27.840",27.84,27.74,27.74
3/26/2013,"	28.150",28.15,28.15,28.15
3/27/2013,"	28.290",28.3,28.2,28.3
3/28/2013,"	28.300",28.3,28.3,28.3
3/29/2013,"	27.760",27.968,27.532,27.734
3/30/2013,"	27.760",27.968,27.532,27.734
3/31/2013,"	27.760",27.968,27.532,27.734
4/1/2013,"	28.430",28.43,27.78,27.78
4/2/2013,"	27.770",27.99,27.77,27.94
4/3/2013,"	27.470",27.85,27.47,27.75
4/4/2013,"	27.390",27.83,27.39,27.83
4/5/2013,"	27.740",27.74,27.25,27.37
4/6/2013,"	27.388",27.94,27.352,27.826
4/7/2013,"	27.388",27.94,27.352,27.826
4/8/2013,"	27.370",27.39,27.23,27.26
4/9/2013,"	26.690",27.7,26.69,27.68
4/10/2013,"	26.700",28.08,26.7,28.05
4/11/2013,"	28.110",28.46,28.07,28.07
4/12/2013,"	28.070",28.07,28.07,28.07
4/13/2013,"	27.768",27.864,27.616,27.746
4/14/2013,"	27.768",27.864,27.616,27.746
4/15/2013,"	28.000",28,27.5,27.5
4/16/2013,"	27.830",27.88,27.71,27.85
4/17/2013,"	27.600",27.6,27.6,27.6
4/18/2013,"	27.640",27.64,27.5,27.58
4/19/2013,"	27.770",28.2,27.77,28.2
4/20/2013,"	28.276",28.5,28.222,28.38
4/21/2013,"	28.276",28.5,28.222,28.38
4/22/2013,"	27.970",28.29,27.97,28.26
4/23/2013,"	28.100",28.35,28.1,28.35
4/24/2013,"	28.290",28.64,28.28,28.42
4/25/2013,"	28.580",28.78,28.58,28.69
4/26/2013,"	28.440",28.44,28.18,28.18
4/27/2013,"	28.656",29.038,28.644,28.87
4/28/2013,"	28.656",29.038,28.644,28.87
4/29/2013,"	28.270",28.85,28.27,28.49
4/30/2013,"	28.390",29.1,28.39,29.1
5/1/2013,"	28.870",28.87,28.87,28.87
5/2/2013,"	28.870",28.87,28.87,28.87
5/3/2013,"	28.880",29.5,28.82,29.02
5/4/2013,"	29.386",29.496,29.22,29.392
5/5/2013,"	29.386",29.496,29.22,29.392
5/6/2013,"	29.270",29.27,29.27,29.27
5/7/2013,"	28.950",29.37,28.95,29.31
5/8/2013,"	29.700",29.7,29.7,29.7
5/9/2013,"	29.860",29.86,29.05,29.4
5/10/2013,"	29.150",29.28,29.13,29.28
5/11/2013,"	29.592",29.612,29.458,29.508
5/12/2013,"	29.592",29.612,29.458,29.508
5/13/2013,"	29.520",29.52,29.08,29.08
5/14/2013,"	29.520",29.52,29.52,29.52
5/15/2013,"	29.400",29.5,29.32,29.5
5/16/2013,"	29.740",29.74,29.61,29.68
5/17/2013,"	29.780",29.78,29.76,29.76
5/18/2013,"	29.808",29.828,29.44,29.554
5/19/2013,"	29.808",29.828,29.44,29.554
5/20/2013,"	29.900",30,29.9,29.95
5/21/2013,"	29.950",29.95,29.95,29.95
5/22/2013,"	30.270",30.27,29.73,29.79
5/23/2013,"	29.600",29.6,28.72,29
5/24/2013,"	29.320",29.32,28.9,29.08
5/25/2013,"	23.400",23.45,23.058,23.174
5/26/2013,"	23.400",23.45,23.058,23.174
5/27/2013,"	28.566",28.876,28.216,28.438
5/28/2013,"	29.370",29.37,28.66,28.69
5/29/2013,"	29.330",29.33,28.82,29.08
5/30/2013,"	29.080",29.33,29.03,29.25
5/31/2013,"	29.220",29.22,28.78,28.85
6/1/2013,"	28.566",28.876,28.216,28.438
6/2/2013,"	28.566",28.876,28.216,28.438
6/3/2013,"	28.250",28.88,28.25,28.88
6/4/2013,"	29.490",29.49,28.48,28.82
6/5/2013,"	28.920",28.92,28.25,28.25
6/6/2013,"	28.080",28.39,28.08,28.22
6/7/2013,"	28.090",28.7,28.02,28.02
6/8/2013,"	28.024",28.268,27.752,28.026
6/9/2013,"	28.024",28.268,27.752,28.026
6/10/2013,"	28.420",28.78,28.42,28.61
6/11/2013,"	28.000",28.38,27.5,28
6/12/2013,"	28.100",28.1,27.77,27.97
6/13/2013,"	27.510",27.99,27.51,27.99
6/14/2013,"	28.090",28.09,27.56,27.56
6/15/2013,"	27.598",27.642,27.288,27.33
6/16/2013,"	27.598",27.642,27.288,27.33
6/17/2013,"	27.880",27.88,27.88,27.88
6/18/2013,"	27.890",27.99,27.89,27.95
6/19/2013,"	28.200",28.2,27.94,27.94
6/20/2013,"	27.500",27.5,26.27,26.32
6/21/2013,"	26.520",26.64,26.46,26.56
6/22/2013,"	26.542",26.78,26.44,26.684
6/23/2013,"	26.542",26.78,26.44,26.684
6/24/2013,"	26.080",26.2,25.71,26.2
6/25/2013,"	26.200",26.45,26.1,26.45
6/26/2013,"	26.440",26.45,26.44,26.45
6/27/2013,"	26.960",27.54,26.92,27.14
6/28/2013,"	27.030",27.26,27.03,27.18
6/29/2013,"	22.006",22.126,21.862,21.956
6/30/2013,"	22.006",22.126,21.862,21.956
7/1/2013,"	27.880",27.98,27.48,27.55
7/2/2013,"	27.690",27.83,27.37,27.5
7/3/2013,"	27.500",27.5,27.5,27.5
7/4/2013,"	27.808",27.844,27.56,27.7
7/5/2013,"	26.960",27.32,26.96,27.23
7/6/2013,"	27.808",27.844,27.56,27.7
7/7/2013,"	27.808",27.844,27.56,27.7
7/8/2013,"	27.360",27.46,27.15,27.42
7/9/2013,"	27.590",27.6,27.15,27.31
7/10/2013,"	27.290",27.36,27.13,27.3
7/11/2013,"	28.340",28.34,27.99,28.09
7/12/2013,"	28.460",28.46,28.38,28.38
7/13/2013,"	28.464",28.642,28.33,28.522
7/14/2013,"	28.464",28.642,28.33,28.522
7/15/2013,"	28.460",28.79,28.31,28.59
7/16/2013,"	28.640",28.64,28.4,28.51
7/17/2013,"	28.360",28.92,28.32,28.89
7/18/2013,"	28.720",28.72,28.48,28.48
7/19/2013,"	28.140",28.14,28.14,28.14
7/20/2013,"	27.982",27.982,27.802,27.952
7/21/2013,"	27.982",27.982,27.802,27.952
7/22/2013,"	27.720",27.72,27.72,27.72
7/23/2013,"	27.840",27.84,27.84,27.84
7/24/2013,"	27.840",27.84,27.84,27.84
7/25/2013,"	28.400",28.4,27.89,28.37
7/26/2013,"	28.110",28.11,27.72,27.99
7/27/2013,"	27.614",27.95,27.474,27.648
7/28/2013,"	27.614",27.95,27.474,27.648
7/29/2013,"	27.290",27.91,27.29,27.91
7/30/2013,"	27.430",27.49,27.43,27.47
7/31/2013,"	27.770",27.77,27.77,27.77
8/1/2013,"	28.260",28.29,27.56,27.56
8/2/2013,"	27.320",28.29,27.32,27.53
8/3/2013,"	27.694",27.828,27.688,27.708
8/4/2013,"	27.694",27.828,27.688,27.708
8/5/2013,"	27.620",28.08,27.59,27.59
8/6/2013,"	28.090",28.09,28.09,28.09
8/7/2013,"	27.500",27.61,27.5,27.54
8/8/2013,"	27.540",27.54,27.54,27.54
8/9/2013,"	27.720",27.82,27.72,27.78
8/10/2013,"	27.786",27.906,27.436,27.562
8/11/2013,"	27.786",27.906,27.436,27.562
8/12/2013,"	27.690",27.69,27.16,27.16
8/13/2013,"	28.100",28.1,27.63,27.63
8/14/2013,"	27.390",27.99,27.38,27.58
8/15/2013,"	27.630",27.63,27.46,27.46
8/16/2013,"	28.120",28.12,27.55,27.98
8/17/2013,"	27.418",27.456,27.224,27.242
8/18/2013,"	27.418",27.456,27.224,27.242
8/19/2013,"	27.600",27.6,27.11,27.2
8/20/2013,"	27.200",27.2,27.2,27.2
8/21/2013,"	27.200",27.2,27.2,27.2
8/22/2013,"	27.210",27.4,26.73,26.73
8/23/2013,"	27.880",27.88,27.88,27.88
8/24/2013,"	27.692",27.772,27.48,27.564
8/25/2013,"	27.692",27.772,27.48,27.564
8/26/2013,"	28.320",28.32,27.26,27.66
8/27/2013,"	27.270",27.65,27.27,27.27
8/28/2013,"	27.610",27.63,27.61,27.63
8/29/2013,"	27.630",27.63,27.63,27.63
8/30/2013,"	27.630",27.63,27.63,27.63
8/31/2013,"	22.618",22.682,22.608,22.67
9/1/2013,"	22.618",22.682,22.608,22.67
9/2/2013,"	29.222",29.332,29.222,29.248
9/3/2013,"	28.390",28.39,28.37,28.37
9/4/2013,"	28.070",28.39,28.06,28.35
9/5/2013,"	28.230",28.23,28.23,28.23
9/6/2013,"	28.400",28.4,28.38,28.4
9/7/2013,"	29.222",29.332,29.222,29.248
9/8/2013,"	29.222",29.332,29.222,29.248
9/9/2013,"	28.400",28.4,28.4,28.4
9/10/2013,"	29.000",29.55,29,29.13
9/11/2013,"	29.570",29.57,29.57,29.57
9/12/2013,"	29.570",29.57,29.57,29.57
9/13/2013,"	29.570",29.57,29.57,29.57
9/14/2013,"	29.936",30.092,29.592,29.702
9/15/2013,"	29.936",30.092,29.592,29.702
9/16/2013,"	29.450",29.65,29.45,29.5
9/17/2013,"	29.600",29.83,29.32,29.32
9/18/2013,"	29.810",30.15,29.44,29.91
9/19/2013,"	30.570",30.57,30.34,30.37
9/20/2013,"	30.250",30.26,29.41,29.41
9/21/2013,"	29.920",29.924,29.768,29.782
9/22/2013,"	29.920",29.924,29.768,29.782
9/23/2013,"	29.850",29.85,29.6,29.65
9/24/2013,"	29.650",29.65,29.65,29.65
9/25/2013,"	30.200",30.2,29.85,29.85
9/26/2013,"	30.160",30.16,30,30
9/27/2013,"	29.740",29.76,29.74,29.76
9/28/2013,"	29.718",29.718,29.652,29.652
9/29/2013,"	29.718",29.718,29.652,29.652
9/30/2013,"	29.600",29.6,29.6,29.6
10/1/2013,"	29.600",29.6,29.6,29.6
10/2/2013,"	29.600",29.6,29.6,29.6
10/3/2013,"	29.640",29.64,29.64,29.64
10/4/2013,"	30.150",30.15,29.82,29.82
10/5/2013,"	30.000",30.054,29.952,30.052
10/6/2013,"	30.000",30.054,29.952,30.052
10/7/2013,"	30.000",30.07,30,30.07
10/8/2013,"	29.990",29.99,29.98,29.98
10/9/2013,"	29.610",29.61,29.61,29.61
10/10/2013,"	30.100",30.3,29.87,30.3
10/11/2013,"	30.300",30.3,30.3,30.3
10/12/2013,"	30.862",30.942,30.482,30.536
10/13/2013,"	30.862",30.942,30.482,30.536
10/14/2013,"	30.820",30.82,30.35,30.35
10/15/2013,"	30.300",30.7,30.3,30.47
10/16/2013,"	30.470",30.47,30.47,30.47
10/17/2013,"	31.050",31.05,30.65,30.75
10/18/2013,"	31.670",31.67,30.64,30.64
10/19/2013,"	30.930",31.006,30.816,30.906
10/20/2013,"	30.930",31.006,30.816,30.906
10/21/2013,"	30.640",30.99,30.64,30.99
10/22/2013,"	31.000",31,31,31
10/23/2013,"	30.960",30.96,30.6,30.6
10/24/2013,"	31.010",31.04,31.01,31.04
10/25/2013,"	31.040",31.04,30.83,30.9
10/26/2013,"	31.300",31.452,31.102,31.254
10/27/2013,"	31.300",31.452,31.102,31.254
10/28/2013,"	30.480",31.24,30.48,31.23
10/29/2013,"	31.620",31.62,31.29,31.29
10/30/2013,"	31.730",31.73,31.39,31.39
10/31/2013,"	31.440",31.44,31.12,31.13
11/1/2013,"	31.230",31.23,31.23,31.23
11/2/2013,"	30.678",30.784,30.6,30.716
11/3/2013,"	30.678",30.784,30.6,30.716
11/4/2013,"	30.550",31.07,30.55,31.07
11/5/2013,"	30.820",30.83,30.82,30.83
11/6/2013,"	31.200",31.2,30.86,30.86
11/7/2013,"	30.550",30.55,30.5,30.55
11/8/2013,"	30.270",30.27,30.27,30.27
11/9/2013,"	31.032",31.114,30.544,30.764
11/10/2013,"	31.032",31.114,30.544,30.764
11/11/2013,"	30.440",30.44,30.34,30.34
11/12/2013,"	30.690",30.69,30.52,30.52
11/13/2013,"	32.000",32,30.2,30.56
11/14/2013,"	30.660",30.92,30.66,30.92
11/15/2013,"	31.370",31.52,31,31.48
11/16/2013,"	31.444",31.54,31.21,31.394
11/17/2013,"	31.444",31.54,31.21,31.394
11/18/2013,"	31.600",31.65,31.5,31.65
11/19/2013,"	32.040",32.04,31.18,31.53
11/20/2013,"	31.390",31.4,31.18,31.18
11/21/2013,"	31.140",31.18,31.14,31.18
11/22/2013,"	31.050",31.43,31.05,31.43
11/23/2013,"	25.110",25.128,25.038,25.128
11/24/2013,"	25.110",25.128,25.038,25.128
11/25/2013,"	31.830",31.83,31.83,31.83
11/26/2013,"	31.580",31.67,31.22,31.67
11/27/2013,"	31.070",31.07,31.07,31.07
11/28/2013,"	31.812",31.948,31.372,31.51
11/29/2013,"	31.070",31.07,31.07,31.07
11/30/2013,"	31.812",31.948,31.372,31.51
12/1/2013,"	31.812",31.948,31.372,31.51
12/2/2013,"	32.070",32.07,31.12,31.12
12/3/2013,"	32.240",32.24,31,31
12/4/2013,"	31.740",31.74,31.74,31.74
12/5/2013,"	31.010",31.53,31,31.53
12/6/2013,"	32.000",32.16,32,32.16
12/7/2013,"	31.686",31.718,31.19,31.328
12/8/2013,"	31.686",31.718,31.19,31.328
12/9/2013,"	32.180",32.26,31.58,31.83
12/10/2013,"	32.000",32.08,31.5,31.58
12/11/2013,"	31.800",31.8,31.24,31.24
12/12/2013,"	31.300",31.3,30.97,31.03
12/13/2013,"	31.150",31.15,30.66,30.96
12/14/2013,"	31.576",31.604,31.38,31.604
12/15/2013,"	31.576",31.604,31.38,31.604
12/16/2013,"	31.530",31.53,31.53,31.53
12/17/2013,"	31.880",31.88,31.88,31.88
12/18/2013,"	31.750",31.87,30.77,31.87
12/19/2013,"	31.660",31.68,31.66,31.68
12/20/2013,"	31.060",31.06,31.06,31.06
12/21/2013,"	24.980",24.98,24.86,24.95
12/22/2013,"	24.980",24.98,24.86,24.95
12/23/2013,"	31.720",31.72,31.12,31.57
12/24/2013,"	31.060",31.06,31.06,31.06
12/26/2013,"	31.060",31.06,31.06,31.06
12/27/2013,"	31.060",31.06,31.06,31.06
12/30/2013,"	31.560",31.98,31.53,31.53
12/31/2013,"	32.380",32.38,31.66,31.66
1/1/2014,"	30.036",30.136,29.61,29.674
1/2/2014,"	31.970",31.97,31.97,31.97
1/3/2014,"	31.840",31.84,31.4,31.67
1/4/2014,"	30.036",30.136,29.61,29.674
1/5/2014,"	30.036",30.136,29.61,29.674
1/6/2014,"	31.080",31.1,30.98,31.1
1/7/2014,"	31.780",31.78,30.79,30.81
1/8/2014,"	30.930",31.2,30.93,31.2
1/9/2014,"	30.840",30.84,30.84,30.84
1/10/2014,"	31.140",32.22,31.12,32.22
1/11/2014,"	31.154",31.428,30.932,31.234
1/12/2014,"	31.154",31.428,30.932,31.234
1/13/2014,"	31.970",32.05,31.94,32.04
1/14/2014,"	31.950",32.37,31.95,32.37
1/15/2014,"	32.400",32.4,32.4,32.4
1/16/2014,"	31.750",31.82,31.75,31.82
1/17/2014,"	31.690",32.5,31.69,32.49
1/18/2014,"	31.952",32.228,31.946,32.224
1/19/2014,"	31.952",32.228,31.946,32.224
1/20/2014,"	25.834",25.892,25.482,25.502
1/21/2014,"	32.190",32.47,31.58,31.68
1/22/2014,"	32.260",32.27,32.23,32.23
1/23/2014,"	32.500",32.5,32.17,32.17
1/24/2014,"	32.220",32.22,31.43,31.43
1/25/2014,"	25.834",25.892,25.482,25.502
1/26/2014,"	25.834",25.892,25.482,25.502
1/27/2014,"	32.970",32.97,30.58,30.71
1/28/2014,"	31.190",31.19,30.67,30.73
1/29/2014,"	31.500",31.5,28.82,30.2
1/30/2014,"	30.980",30.98,30.5,30.55
1/31/2014,"	30.190",31.18,30.19,30.24
2/1/2014,"	31.366",31.564,30.152,30.486
2/2/2014,"	31.366",31.564,30.152,30.486
2/3/2014,"	30.890",30.89,29.85,29.85
2/4/2014,"	29.850",29.85,29.85,29.85
2/5/2014,"	29.930",30.69,29.93,30.52
2/6/2014,"	30.590",31.17,30.59,31.14
2/7/2014,"	30.460",30.65,30.46,30.65
2/8/2014,"	30.344",30.65,30.136,30.402
2/9/2014,"	30.344",30.65,30.136,30.402
2/10/2014,"	30.470",30.6,30.44,30.48
2/11/2014,"	30.660",31.95,30.66,31.94
2/12/2014,"	31.930",31.93,31.24,31.24
2/13/2014,"	31.520",31.83,31.52,31.83
2/14/2014,"	31.650",31.65,31.4,31.4
2/15/2014,"	31.246",31.592,31.052,31.378
2/16/2014,"	31.246",31.592,31.052,31.378
2/17/2014,"	25.658",25.846,25.296,25.516
2/18/2014,"	31.550",32.49,31.55,32.49
2/19/2014,"	32.760",32.76,32.55,32.55
2/20/2014,"	32.710",32.71,31.11,31.27
2/21/2014,"	31.270",31.27,31.27,31.27
2/22/2014,"	25.658",25.846,25.296,25.516
2/23/2014,"	25.658",25.846,25.296,25.516
2/24/2014,"	32.000",32.4,31.9,31.9
2/25/2014,"	33.310",33.31,32.18,32.2
2/26/2014,"	32.630",32.63,31.87,31.87
2/27/2014,"	32.200",32.98,32.2,32.26
2/28/2014,"	33.190",33.19,33.15,33.15
3/1/2014,"	32.666",32.902,32.26,32.276
3/2/2014,"	32.666",32.902,32.26,32.276
3/3/2014,"	31.830",32.69,31.55,32.63
3/4/2014,"	32.630",32.63,32.63,32.63
3/5/2014,"	33.780",33.78,32.31,32.36
3/6/2014,"	32.540",33.85,32.54,32.74
3/7/2014,"	33.710",33.71,32.5,33.35
3/8/2014,"	32.898",33.332,32.306,32.742
3/9/2014,"	32.898",33.332,32.306,32.742
3/10/2014,"	34.630",34.63,32.42,32.45
3/11/2014,"	32.080",32.94,31.91,31.91
3/12/2014,"	31.800",31.8,31.8,31.8
3/13/2014,"	33.120",33.12,31.72,31.72
3/14/2014,"	33.370",33.37,31.56,31.56
3/15/2014,"	33.000",33.172,31.882,31.888
3/16/2014,"	33.000",33.172,31.882,31.888
3/17/2014,"	31.120",31.87,31.12,31.4
3/18/2014,"	31.420",31.42,31.29,31.29
3/19/2014,"	31.150",31.15,31.15,31.15
3/20/2014,"	31.150",31.15,31.15,31.15
3/21/2014,"	30.920",31.43,30.92,30.96
3/22/2014,"	31.152",31.404,31.126,31.19
3/23/2014,"	31.152",31.404,31.126,31.19
3/24/2014,"	31.100",31.29,30.97,31.11
3/25/2014,"	31.100",31.43,30.87,31.4
3/26/2014,"	31.560",31.76,31.31,31.76
3/27/2014,"	31.850",31.85,31.5,31.5
3/28/2014,"	31.740",31.85,31.74,31.85
3/29/2014,"	31.470",31.636,31.278,31.524
3/30/2014,"	31.470",31.636,31.278,31.524
3/31/2014,"	32.070",32.07,32.07,32.07
4/1/2014,"	32.330",32.33,32.17,32.17
4/2/2014,"	32.500",32.51,32.45,32.51
4/3/2014,"	32.490",32.49,32.49,32.49
4/4/2014,"	32.540",32.54,32.38,32.38
4/5/2014,"	32.386",32.388,32.312,32.324
4/6/2014,"	32.386",32.388,32.312,32.324
4/7/2014,"	31.920",31.92,31.92,31.92
4/8/2014,"	31.930",32.08,31.93,31.97
4/9/2014,"	32.020",32.44,32.02,32.23
4/10/2014,"	32.070",32.07,31.85,31.85
4/11/2014,"	31.850",31.85,31.85,31.85
4/12/2014,"	31.958",32.072,31.914,31.964
4/13/2014,"	31.958",32.072,31.914,31.964
4/14/2014,"	31.890",31.89,31.7,31.7
4/15/2014,"	31.700",31.7,31.7,31.7
4/16/2014,"	32.230",32.23,32.23,32.23
4/17/2014,"	32.500",32.5,32.5,32.5
4/18/2014,"	25.664",25.664,25.626,25.626
4/19/2014,"	25.664",25.664,25.626,25.626
4/20/2014,"	25.664",25.664,25.626,25.626
4/21/2014,"	32.500",32.5,32.5,32.5
4/22/2014,"	32.500",32.5,32.5,32.5
4/23/2014,"	32.500",32.5,32.5,32.5
4/24/2014,"	32.180",32.18,32.18,32.18
4/25/2014,"	31.800",31.8,31.8,31.8
4/26/2014,"	32.296",32.296,32.296,32.296
4/27/2014,"	32.296",32.296,32.296,32.296
4/28/2014,"	31.790",32.23,31.79,31.9
4/29/2014,"	31.900",31.9,31.88,31.88
4/30/2014,"	31.880",31.88,31.88,31.88
5/1/2014,"	31.880",31.88,31.88,31.88
5/2/2014,"	32.180",32.24,32.18,32.24
5/3/2014,"	31.926",32.026,31.922,31.956
5/4/2014,"	31.926",32.026,31.922,31.956
5/5/2014,"	32.250",32.25,32.25,32.25
5/6/2014,"	32.250",32.25,32.25,32.25
5/7/2014,"	31.930",32,31.68,32
5/8/2014,"	31.600",31.73,31.6,31.66
5/9/2014,"	31.660",31.66,31.66,31.66
5/10/2014,"	31.938",31.978,31.888,31.964
5/11/2014,"	31.938",31.978,31.888,31.964
5/12/2014,"	31.740",32.25,31.74,32.25
5/13/2014,"	32.240",32.59,32.24,32.59
5/14/2014,"	32.310",32.73,32.31,32.73
5/15/2014,"	32.730",32.73,32.73,32.73
5/16/2014,"	33.440",33.44,33.44,33.44
5/17/2014,"	32.492",32.748,32.492,32.748
5/18/2014,"	32.492",32.748,32.492,32.748
5/19/2014,"	32.830",32.87,32.83,32.87
5/20/2014,"	32.550",32.55,32.55,32.55
5/21/2014,"	32.550",32.55,32.55,32.55
5/22/2014,"	32.840",32.84,32.84,32.84
5/23/2014,"	32.790",32.91,32.79,32.91
5/24/2014,"	32.712",32.744,32.712,32.744
5/25/2014,"	32.712",32.744,32.712,32.744
5/26/2014,"	26.658",26.836,26.658,26.824
5/27/2014,"	32.910",33.36,32.91,33.34
5/28/2014,"	33.220",33.66,33.22,33.62
5/29/2014,"	33.660",33.66,33.66,33.66
5/30/2014,"	33.500",33.5,33.5,33.5
5/31/2014,"	26.658",26.836,26.658,26.824
6/1/2014,"	26.658",26.836,26.658,26.824
6/2/2014,"	33.500",33.5,33.5,33.5
6/3/2014,"	34.010",34.01,34.01,34.01
6/4/2014,"	33.890",33.93,33.55,33.93
6/5/2014,"	33.930",33.93,33.93,33.93
6/6/2014,"	34.270",34.32,34.27,34.32
6/7/2014,"	33.920",33.938,33.852,33.938
6/8/2014,"	33.920",33.938,33.852,33.938
6/9/2014,"	34.400",34.4,33.98,34
6/10/2014,"	34.310",34.31,34.26,34.26
6/11/2014,"	34.140",34.15,34.1,34.1
6/12/2014,"	34.820",34.82,33.93,33.93
6/13/2014,"	34.080",34.08,34.08,34.08
6/14/2014,"	34.350",34.352,34.07,34.074
6/15/2014,"	34.350",34.352,34.07,34.074
6/16/2014,"	34.080",34.08,34.08,34.08
6/17/2014,"	34.080",34.08,34.08,34.08
6/18/2014,"	34.210",34.21,34.21,34.21
6/19/2014,"	34.200",34.53,34.12,34.41
6/20/2014,"	34.410",34.41,34.41,34.41
6/21/2014,"	34.196",34.262,34.18,34.238
6/22/2014,"	34.196",34.262,34.18,34.238
6/23/2014,"	34.410",34.41,34.41,34.41
6/24/2014,"	34.620",34.62,34.41,34.42
6/25/2014,"	33.940",34.37,33.94,34.37
6/26/2014,"	34.100",34.1,34.1,34.1
6/27/2014,"	34.110",34.2,34.11,34.2
6/28/2014,"	34.236",34.34,34.194,34.3
6/29/2014,"	34.236",34.34,34.194,34.3
6/30/2014,"	35.000",35,34.37,34.37
7/1/2014,"	34.370",34.37,34.37,34.37
7/2/2014,"	34.920",35.53,34.92,35.53
7/3/2014,"	35.550",35.55,35.55,35.55
7/4/2014,"	27.968",28.09,27.842,27.964
7/5/2014,"	27.968",28.09,27.842,27.964
7/6/2014,"	27.968",28.09,27.842,27.964
7/7/2014,"	36.030",36.03,35.56,35.56
7/8/2014,"	35.020",35.5,35.01,35.09
7/9/2014,"	35.460",35.66,35.11,35.66
7/10/2014,"	35.040",35.05,35.04,35.05
7/11/2014,"	35.090",35.09,35.04,35.04
7/12/2014,"	35.328",35.466,35.152,35.28
7/13/2014,"	35.328",35.466,35.152,35.28
7/14/2014,"	35.420",35.47,35.12,35.45
7/15/2014,"	35.430",35.53,35,35.18
7/16/2014,"	35.000",35.47,35,35.42
7/17/2014,"	35.200",35.2,34.55,34.55
7/18/2014,"	35.100",35.31,35,35.05
7/19/2014,"	35.230",35.396,34.934,35.13
7/20/2014,"	35.230",35.396,34.934,35.13
7/21/2014,"	35.190",35.23,34.7,35.23
7/22/2014,"	35.380",35.71,35.35,35.56
7/23/2014,"	35.570",35.64,35.4,35.64
7/24/2014,"	35.670",35.67,35.26,35.5
7/25/2014,"	35.990",35.99,35.16,35.19
7/26/2014,"	35.560",35.648,35.174,35.424
7/27/2014,"	35.560",35.648,35.174,35.424
7/28/2014,"	35.090",35.09,35.09,35.09
7/29/2014,"	35.660",35.66,35.21,35.21
7/30/2014,"	35.690",35.69,35.28,35.36
7/31/2014,"	35.400",35.4,34.5,34.5
8/1/2014,"	34.120",34.55,34.12,34.55
8/2/2014,"	35.192",35.278,34.84,34.942
8/3/2014,"	35.192",35.278,34.84,34.942
8/4/2014,"	34.930",35.18,34.93,35.18
8/5/2014,"	34.670",34.67,34.4,34.4
8/6/2014,"	34.990",34.99,34.35,34.55
8/7/2014,"	35.320",35.57,34.03,34.03
8/8/2014,"	33.890",33.89,33.89,33.89
8/9/2014,"	34.760",34.86,34.32,34.41
8/10/2014,"	34.760",34.86,34.32,34.41
8/11/2014,"	34.370",34.61,34.37,34.61
8/12/2014,"	34.440",34.44,34.44,34.44
8/13/2014,"	34.680",34.68,34.68,34.68
8/14/2014,"	34.800",34.94,34.71,34.94
8/15/2014,"	35.470",35.47,34.83,34.83
8/16/2014,"	34.752",34.828,34.606,34.7
8/17/2014,"	34.752",34.828,34.606,34.7
8/18/2014,"	35.040",35.04,34.62,34.62
8/19/2014,"	34.630",34.84,34.63,34.84
8/20/2014,"	35.420",35.42,34.68,34.68
8/21/2014,"	34.490",35.41,34.47,34.83
8/22/2014,"	34.800",34.83,34.8,34.83
8/23/2014,"	34.876",35.108,34.64,34.76
8/24/2014,"	34.876",35.108,34.64,34.76
8/25/2014,"	34.570",35.02,34.57,35.02
8/26/2014,"	35.020",35.02,35.02,35.02
8/27/2014,"	35.280",35.28,35.28,35.28
8/28/2014,"	34.960",34.96,34.96,34.96
8/29/2014,"	34.590",34.68,34.59,34.68
8/30/2014,"	34.884",34.992,34.884,34.992
8/31/2014,"	34.884",34.992,34.884,34.992
9/1/2014,"	27.878",27.878,27.686,27.686
9/2/2014,"	35.520",35.52,34.56,34.56
9/3/2014,"	34.560",34.56,34.56,34.56
9/4/2014,"	34.720",34.72,34.72,34.72
9/5/2014,"	34.590",34.59,34.59,34.59
9/6/2014,"	27.878",27.878,27.686,27.686
9/7/2014,"	27.878",27.878,27.686,27.686
9/8/2014,"	35.150",35.15,34.49,34.56
9/9/2014,"	34.540",34.54,34.54,34.54
9/10/2014,"	34.470",34.47,34.16,34.16
9/11/2014,"	34.000",34.03,34,34.03
9/12/2014,"	34.050",34.3,34.05,34.3
9/13/2014,"	34.442",34.498,34.248,34.318
9/14/2014,"	34.442",34.498,34.248,34.318
9/15/2014,"	34.820",34.82,34.82,34.82
9/16/2014,"	34.470",34.47,34.47,34.47
9/17/2014,"	34.470",34.47,34.47,34.47
9/18/2014,"	34.010",34.01,34.01,34.01
9/19/2014,"	34.490",34.49,34.49,34.49
9/20/2014,"	34.452",34.452,34.452,34.452
9/21/2014,"	34.452",34.452,34.452,34.452
9/22/2014,"	34.500",34.5,34,34
9/23/2014,"	34.500",34.5,33.93,33.93
9/24/2014,"	32.980",34.24,32.98,33.73
9/25/2014,"	33.240",33.78,33.24,33.5
9/26/2014,"	33.930",34.07,33.48,33.92
9/27/2014,"	33.830",34.218,33.526,33.816
9/28/2014,"	33.830",34.218,33.526,33.816
9/29/2014,"	34.000",34,33.3,33.55
9/30/2014,"	33.600",33.62,33.6,33.62
10/1/2014,"	34.000",34,33.05,33.05
10/2/2014,"	32.770",32.77,32.77,32.77
10/3/2014,"	32.870",33.53,32.87,33.53
10/4/2014,"	33.448",33.584,33.118,33.304
10/5/2014,"	33.448",33.584,33.118,33.304
10/6/2014,"	33.530",33.53,33.53,33.53
10/7/2014,"	32.980",33.63,32.96,32.97
10/8/2014,"	32.910",33.39,32.9,33.39
10/9/2014,"	32.380",32.47,32.37,32.47
10/10/2014,"	32.010",32.2,31.61,31.67
10/11/2014,"	32.762",33.044,32.674,32.806
10/12/2014,"	32.762",33.044,32.674,32.806
10/13/2014,"	31.670",31.67,31.67,31.67
10/14/2014,"	31.810",31.81,31.81,31.81
10/15/2014,"	31.800",31.8,31.29,31.47
10/16/2014,"	31.390",31.41,31.39,31.41
10/17/2014,"	31.360",31.75,31.36,31.75
10/18/2014,"	31.606",31.688,31.504,31.622
10/19/2014,"	31.606",31.688,31.504,31.622
10/20/2014,"	32.420",32.42,32.42,32.42
10/21/2014,"	32.420",32.42,32.42,32.42
10/22/2014,"	32.420",32.42,32.42,32.42
10/23/2014,"	32.920",32.92,32.92,32.92
10/24/2014,"	32.920",32.92,32.92,32.92
10/25/2014,"	32.620",32.62,32.62,32.62
10/26/2014,"	32.620",32.62,32.62,32.62
10/27/2014,"	32.730",32.73,32.73,32.73
10/28/2014,"	33.100",33.13,33.1,33.13
10/29/2014,"	33.090",33.1,33.09,33.09
10/30/2014,"	33.220",33.22,33.22,33.22
10/31/2014,"	33.970",34.42,33.97,34.42
11/1/2014,"	33.222",33.32,33.222,33.318
11/2/2014,"	33.222",33.32,33.222,33.318
11/3/2014,"	34.420",34.43,34.05,34.35
11/4/2014,"	34.310",34.31,33.9,33.9
11/5/2014,"	33.570",33.98,33.5,33.98
11/6/2014,"	33.400",33.43,33.4,33.43
11/7/2014,"	33.170",33.7,33.17,33.42
11/8/2014,"	33.774",33.97,33.604,33.816
11/9/2014,"	33.774",33.97,33.604,33.816
11/10/2014,"	33.420",33.42,33.42,33.42
11/11/2014,"	33.420",33.42,33.42,33.42
11/12/2014,"	33.900",34.12,33.9,33.93
11/13/2014,"	33.760",33.8,33.76,33.8
11/14/2014,"	33.800",33.8,33.8,33.8
11/15/2014,"	33.660",33.712,33.66,33.674
11/16/2014,"	33.660",33.712,33.66,33.674
11/17/2014,"	33.800",33.8,33.8,33.8
11/18/2014,"	33.950",33.95,33.73,33.73
11/19/2014,"	33.420",33.44,33.42,33.42
11/20/2014,"	33.420",33.42,33.42,33.42
11/21/2014,"	33.420",33.42,33.42,33.42
11/22/2014,"	33.602",33.606,33.558,33.558
11/23/2014,"	33.602",33.606,33.558,33.558
11/24/2014,"	34.300",34.3,33.75,33.75
11/25/2014,"	33.670",33.77,33.67,33.77
11/26/2014,"	33.770",33.77,33.77,33.77
11/27/2014,"	27.102",27.122,26.992,27.012
11/28/2014,"	33.770",33.77,33.77,33.77
11/29/2014,"	27.102",27.122,26.992,27.012
11/30/2014,"	27.102",27.122,26.992,27.012
12/1/2014,"	34.200",34.2,34.2,34.2
12/2/2014,"	34.300",34.3,34.17,34.17
12/3/2014,"	34.170",34.17,34.17,34.17
12/4/2014,"	34.530",34.53,34.22,34.22
12/5/2014,"	34.200",34.2,34.2,34.2
12/6/2014,"	34.280",34.28,34.192,34.192
12/7/2014,"	34.280",34.28,34.192,34.192
12/8/2014,"	34.200",34.2,34.2,34.2
12/9/2014,"	33.500",33.54,33.5,33.54
12/10/2014,"	33.540",33.54,33.54,33.54
12/11/2014,"	33.540",33.54,33.54,33.54
12/12/2014,"	33.540",33.54,33.54,33.54
12/13/2014,"	33.664",33.672,33.664,33.672
12/14/2014,"	33.664",33.672,33.664,33.672
12/15/2014,"	32.500",32.9,32.5,32.9
12/16/2014,"	32.190",32.19,32.19,32.19
12/17/2014,"	32.240",32.24,32.24,32.24
12/18/2014,"	32.510",32.51,32.51,32.51
12/19/2014,"	33.240",33.24,32.94,32.94
12/20/2014,"	32.536",32.616,32.476,32.556
12/21/2014,"	32.536",32.616,32.476,32.556
12/22/2014,"	33.570",33.57,33.15,33.15
12/23/2014,"	32.950",33.25,32.95,33.25
12/24/2014,"	33.250",33.25,33.25,33.25
12/25/2014,"	26.608",26.668,26.524,26.584
12/26/2014,"	33.270",33.27,33.27,33.27
12/27/2014,"	26.608",26.668,26.524,26.584
12/28/2014,"	26.608",26.668,26.524,26.584
12/29/2014,"	33.180",33.22,33.18,33.2
12/30/2014,"	32.860",32.95,32.86,32.95
12/31/2014,"	32.950",32.95,32.95,32.95
1/1/2015,"	32.560",32.586,32.472,32.548
1/2/2015,"	32.940",32.98,32.81,32.81
1/3/2015,"	32.560",32.586,32.472,32.548
1/4/2015,"	32.560",32.586,32.472,32.548
1/5/2015,"	32.810",32.81,32.81,32.81
1/6/2015,"	32.020",32.02,32,32.02
1/7/2015,"	32.570",32.57,32.56,32.57
1/8/2015,"	33.200",33.24,33.19,33.24
1/9/2015,"	33.240",33.24,33.24,33.24
1/10/2015,"	32.768",32.776,32.76,32.776
1/11/2015,"	32.768",32.776,32.76,32.776
1/12/2015,"	33.260",33.29,32.96,33.29
1/13/2015,"	33.300",33.38,33.3,33.38
1/14/2015,"	33.020",33.17,33.01,33.17
1/15/2015,"	33.170",33.17,33.17,33.17
1/16/2015,"	33.640",33.64,33.43,33.59
1/17/2015,"	33.278",33.33,33.174,33.32
1/18/2015,"	33.278",33.33,33.174,33.32
1/19/2015,"	27.408",27.508,27.318,27.414
1/20/2015,"	34.120",34.12,33.67,33.9
1/21/2015,"	34.120",34.46,34.12,34.21
1/22/2015,"	34.320",34.48,34.32,34.48
1/23/2015,"	34.480",34.48,34.48,34.48
1/24/2015,"	27.408",27.508,27.318,27.414
1/25/2015,"	27.408",27.508,27.318,27.414
1/26/2015,"	34.480",34.48,34.48,34.48
1/27/2015,"	34.550",34.97,34.54,34.77
1/28/2015,"	34.780",34.81,34.54,34.54
1/29/2015,"	34.410",34.54,34.41,34.54
1/30/2015,"	34.540",34.54,34.54,34.54
1/31/2015,"	34.552",34.668,34.502,34.574
2/1/2015,"	34.552",34.668,34.502,34.574
2/2/2015,"	34.580",34.58,34.43,34.43
2/3/2015,"	34.200",34.2,34.2,34.2
2/4/2015,"	34.440",34.44,34.44,34.44
2/5/2015,"	33.730",34.76,33.73,34.76
2/6/2015,"	34.570",34.57,34.57,34.57
2/7/2015,"	34.304",34.51,34.274,34.48
2/8/2015,"	34.304",34.51,34.274,34.48
2/9/2015,"	34.570",34.57,34.57,34.57
2/10/2015,"	34.300",34.44,34.1,34.44
2/11/2015,"	34.300",34.3,34.3,34.3
2/12/2015,"	34.200",34.2,34.2,34.2
2/13/2015,"	34.500",34.5,34.5,34.5
2/14/2015,"	34.374",34.402,34.334,34.402
2/15/2015,"	34.374",34.402,34.334,34.402
2/16/2015,"	27.822",27.822,27.818,27.818
2/17/2015,"	34.440",34.44,34.44,34.44
2/18/2015,"	34.800",34.8,34.8,34.8
2/19/2015,"	34.800",34.8,34.8,34.8
2/20/2015,"	35.070",35.07,35.05,35.05
2/21/2015,"	27.822",27.822,27.818,27.818
2/22/2015,"	27.822",27.822,27.818,27.818
2/23/2015,"	34.930",34.93,34.93,34.93
2/24/2015,"	35.330",35.33,35.33,35.33
2/25/2015,"	35.330",35.33,35.33,35.33
2/26/2015,"	35.120",35.15,35.12,35.15
2/27/2015,"	35.670",35.67,35.67,35.67
2/28/2015,"	35.276",35.282,35.276,35.282
3/1/2015,"	35.276",35.282,35.276,35.282
3/2/2015,"	35.780",35.78,35.78,35.78
3/3/2015,"	35.360",35.38,35.36,35.38
3/4/2015,"	35.530",35.53,35.53,35.53
3/5/2015,"	35.490",35.66,35.49,35.66
3/6/2015,"	35.390",35.39,35.33,35.33
3/7/2015,"	35.510",35.548,35.498,35.536
3/8/2015,"	35.510",35.548,35.498,35.536
3/9/2015,"	35.250",35.25,35.25,35.25
3/10/2015,"	34.750",34.75,33.28,34.7
3/11/2015,"	34.610",34.98,34.61,34.98
3/12/2015,"	35.160",35.16,35.16,35.16
3/13/2015,"	35.510",35.51,35.1,35.12
3/14/2015,"	35.056",35.13,34.68,35.042
3/15/2015,"	35.056",35.13,34.68,35.042
3/16/2015,"	35.650",35.65,35.65,35.65
3/17/2015,"	35.780",35.78,35.66,35.66
3/18/2015,"	36.000",36.55,36,36.55
3/19/2015,"	36.100",36.49,36.1,36.47
3/20/2015,"	36.470",36.47,36.47,36.47
3/21/2015,"	36.000",36.188,35.976,36.16
3/22/2015,"	36.000",36.188,35.976,36.16
3/23/2015,"	37.050",37.05,36.98,36.98
3/24/2015,"	36.950",36.95,36.9,36.9
3/25/2015,"	36.900",36.9,36.9,36.9
3/26/2015,"	35.980",35.98,35.98,35.98
3/27/2015,"	36.000",36,36,36
3/28/2015,"	36.576",36.576,36.552,36.552
3/29/2015,"	36.576",36.576,36.552,36.552
3/30/2015,"	35.800",36.24,35.8,36.24
3/31/2015,"	36.160",36.23,35.86,35.86
4/1/2015,"	35.920",36.15,35.92,36.15
4/2/2015,"	36.200",36.2,36.2,36.2
4/3/2015,"	28.816",28.964,28.756,28.89
4/4/2015,"	28.816",28.964,28.756,28.89
4/5/2015,"	28.816",28.964,28.756,28.89
4/6/2015,"	36.700",36.97,36.7,36.97
4/7/2015,"	36.960",36.96,36.96,36.96
4/8/2015,"	37.050",37.1,36.99,36.99
4/9/2015,"	36.990",36.99,36.99,36.99
4/10/2015,"	37.030",37.03,37.03,37.03
4/11/2015,"	36.946",37.01,36.934,36.988
4/12/2015,"	36.946",37.01,36.934,36.988
4/13/2015,"	37.620",37.62,37.41,37.41
4/14/2015,"	37.250",37.25,37.25,37.25
4/15/2015,"	37.090",37.09,37.09,37.09
4/16/2015,"	37.090",37.09,37.09,37.09
4/17/2015,"	36.560",36.56,36.08,36.31
4/18/2015,"	37.122",37.122,36.984,37.03
4/19/2015,"	37.122",37.122,36.984,37.03
4/20/2015,"	36.350",36.35,36.22,36.22
4/21/2015,"	36.430",36.54,36.43,36.54
4/22/2015,"	36.740",37.17,36.74,36.98
4/23/2015,"	37.340",37.6,37.34,37.6
4/24/2015,"	37.710",37.71,37.16,37.51
4/25/2015,"	36.914",37.074,36.778,36.97
4/26/2015,"	36.914",37.074,36.778,36.97
4/27/2015,"	37.200",37.2,37.19,37.19
4/28/2015,"	37.090",37.09,37.09,37.09
4/29/2015,"	37.170",37.17,37.17,37.17
4/30/2015,"	36.850",36.87,36.29,36.29
5/1/2015,"	36.320",36.83,36.32,36.8
5/2/2015,"	36.926",37.032,36.812,36.908
5/3/2015,"	36.926",37.032,36.812,36.908
5/4/2015,"	36.800",36.8,36.8,36.8
5/5/2015,"	36.010",36.32,36.01,36.32
5/6/2015,"	36.320",36.32,36.32,36.32
5/7/2015,"	36.320",36.32,36.32,36.32
5/8/2015,"	36.450",36.45,36.45,36.45
5/9/2015,"	36.380",36.442,36.38,36.442
5/10/2015,"	36.380",36.442,36.38,36.442
5/11/2015,"	36.400",36.4,36.3,36.3
5/12/2015,"	35.960",35.97,35.96,35.97
5/13/2015,"	35.970",35.97,35.97,35.97
5/14/2015,"	36.350",36.35,36.35,36.35
5/15/2015,"	36.350",36.35,36.35,36.35
5/16/2015,"	36.206",36.208,36.186,36.188
5/17/2015,"	36.206",36.208,36.186,36.188
5/18/2015,"	36.580",36.7,36.58,36.7
5/19/2015,"	36.550",36.55,36.55,36.55
5/20/2015,"	36.340",36.51,36.34,36.51
5/21/2015,"	36.510",36.51,36.51,36.51
5/22/2015,"	36.200",36.2,36.2,36.2
5/23/2015,"	36.436",36.494,36.436,36.494
5/24/2015,"	36.436",36.494,36.436,36.494
5/25/2015,"	28.688",28.688,28.59,28.592
5/26/2015,"	36.080",36.08,36.08,36.08
5/27/2015,"	36.080",36.08,36.08,36.08
5/28/2015,"	35.880",35.88,35.39,35.4
5/29/2015,"	35.400",35.4,35.4,35.4
5/30/2015,"	28.688",28.688,28.59,28.592
5/31/2015,"	28.688",28.688,28.59,28.592
6/1/2015,"	35.400",35.4,35.4,35.4
6/2/2015,"	36.050",36.05,36.05,36.05
6/3/2015,"	35.810",35.81,35.8,35.8
6/4/2015,"	35.800",35.8,35.5,35.5
6/5/2015,"	35.260",35.32,35.26,35.32
6/6/2015,"	35.664",35.676,35.602,35.614
6/7/2015,"	35.664",35.676,35.602,35.614
6/8/2015,"	35.320",35.32,35.32,35.32
6/9/2015,"	34.190",34.69,34.19,34.69
6/10/2015,"	34.690",34.69,34.69,34.69
6/11/2015,"	34.680",34.68,34.68,34.68
6/12/2015,"	34.640",35.01,34.64,35.01
6/13/2015,"	34.704",34.878,34.704,34.878
6/14/2015,"	34.704",34.878,34.704,34.878
6/15/2015,"	35.010",35.01,35.01,35.01
6/16/2015,"	34.800",34.8,34.71,34.77
6/17/2015,"	34.650",34.65,34.65,34.65
6/18/2015,"	34.520",34.83,34.52,34.83
6/19/2015,"	35.260",35.26,35.26,35.26
6/20/2015,"	34.848",34.91,34.83,34.904
6/21/2015,"	34.848",34.91,34.83,34.904
6/22/2015,"	35.300",35.3,35.3,35.3
6/23/2015,"	35.850",35.89,35.73,35.73
6/24/2015,"	35.730",35.73,35.73,35.73
6/25/2015,"	35.830",35.83,35.35,35.35
6/26/2015,"	35.190",35.29,35.13,35.14
6/27/2015,"	35.580",35.608,35.448,35.45
6/28/2015,"	35.580",35.608,35.448,35.45
6/29/2015,"	34.920",34.92,34.92,34.92
6/30/2015,"	34.680",34.68,34.51,34.51
7/1/2015,"	34.930",35.02,34.85,34.85
7/2/2015,"	34.950",34.95,34.51,34.85
7/3/2015,"	27.896",27.914,27.758,27.826
7/4/2015,"	27.896",27.914,27.758,27.826
7/5/2015,"	27.896",27.914,27.758,27.826
7/6/2015,"	34.410",34.41,34.13,34.13
7/7/2015,"	33.630",33.87,33.53,33.87
7/8/2015,"	33.280",33.28,32.54,32.61
7/9/2015,"	33.250",33.25,33.06,33.2
7/10/2015,"	33.290",33.29,33.29,33.29
7/11/2015,"	33.572",33.62,33.31,33.42
7/12/2015,"	33.572",33.62,33.31,33.42
7/13/2015,"	33.260",33.86,33.26,33.86
7/14/2015,"	33.430",33.43,33.43,33.43
7/15/2015,"	33.400",33.64,33.34,33.38
7/16/2015,"	33.460",33.46,33.46,33.46
7/17/2015,"	33.460",33.46,33.46,33.46
7/18/2015,"	33.402",33.57,33.39,33.518
7/19/2015,"	33.402",33.57,33.39,33.518
7/20/2015,"	34.060",34.18,33.71,33.83
7/21/2015,"	33.800",33.8,33.8,33.8
7/22/2015,"	33.260",33.44,33.26,33.44
7/23/2015,"	33.200",33.2,32.83,32.98
7/24/2015,"	32.520",32.79,32.52,32.79
7/25/2015,"	33.368",33.482,33.224,33.368
7/26/2015,"	33.368",33.482,33.224,33.368
7/27/2015,"	31.920",32.2,31.72,31.89
7/28/2015,"	32.490",32.49,32.27,32.35
7/29/2015,"	32.350",32.35,32.35,32.35
7/30/2015,"	32.350",32.35,32.35,32.35
7/31/2015,"	32.090",32.52,32.09,32.52
8/1/2015,"	32.240",32.382,32.156,32.292
8/2/2015,"	32.240",32.382,32.156,32.292
8/3/2015,"	31.670",31.75,31.55,31.67
8/4/2015,"	31.440",31.84,31.44,31.47
8/5/2015,"	31.690",31.86,31.51,31.52
8/6/2015,"	31.260",31.29,31.09,31.15
8/7/2015,"	31.480",31.63,31.2,31.37
8/8/2015,"	31.508",31.674,31.358,31.436
8/9/2015,"	31.508",31.674,31.358,31.436
12/28/2015,"	6.588",6.596,6.562,6.562
12/29/2015,"	6.588",6.596,6.562,6.562
12/30/2015,"	6.588",6.596,6.562,6.562
12/31/2015,"	6.588",6.596,6.562,6.562
